,mean_fit_time,std_fit_time,mean_score_time,std_score_time,param_learning_rate,param_max_depth,param_n_estimators,param_subsample,params,split0_test_score,split1_test_score,split2_test_score,split3_test_score,split4_test_score,mean_test_score,std_test_score,rank_test_score,test_accuracy_with_best_hyp,model_name,seed,param_base_estimator
0,0.2660029888153076,0.01394608318536141,0.0011996746063232422,0.0004008099939090133,0.2,1,50,0.5,"{'learning_rate': 0.2, 'max_depth': 1, 'n_estimators': 50, 'subsample': 0.5}",0.55859375,0.57421875,0.5625,0.6015625,0.611764705882353,0.5817279411764706,0.021245749848478768,96,0.71875,GBM,0,
1,0.3117992877960205,0.03642686897682931,0.0010001182556152344,3.814697265625e-07,0.2,1,50,0.75,"{'learning_rate': 0.2, 'max_depth': 1, 'n_estimators': 50, 'subsample': 0.75}",0.5859375,0.59375,0.5859375,0.6015625,0.615686274509804,0.5965747549019608,0.01117505621318047,81,0.71875,GBM,0,
2,0.30560574531555174,0.022222153818142507,0.0011950016021728515,0.0003888370178091822,0.2,1,50,1.0,"{'learning_rate': 0.2, 'max_depth': 1, 'n_estimators': 50, 'subsample': 1.0}",0.5859375,0.57421875,0.5859375,0.6015625,0.615686274509804,0.5926685049019608,0.014421700152524046,88,0.71875,GBM,0,
3,0.5520008087158204,0.04126377673428352,0.0018000602722167969,0.0003997092136081129,0.2,1,100,0.5,"{'learning_rate': 0.2, 'max_depth': 1, 'n_estimators': 100, 'subsample': 0.5}",0.55859375,0.578125,0.59765625,0.6015625,0.5843137254901961,0.5840502450980393,0.015329798010468462,94,0.71875,GBM,0,
4,0.6049989700317383,0.04462167624485303,0.0014008045196533202,0.0004907787375688759,0.2,1,100,0.75,"{'learning_rate': 0.2, 'max_depth': 1, 'n_estimators': 100, 'subsample': 0.75}",0.56640625,0.58203125,0.55859375,0.62109375,0.6392156862745098,0.593468137254902,0.03141777757616466,85,0.71875,GBM,0,
5,0.6198056221008301,0.03076758362626845,0.0013936996459960938,0.0004949599010549808,0.2,1,100,1.0,"{'learning_rate': 0.2, 'max_depth': 1, 'n_estimators': 100, 'subsample': 1.0}",0.58984375,0.5859375,0.58984375,0.6171875,0.6235294117647059,0.6012683823529412,0.015780064256217825,79,0.71875,GBM,0,
6,0.8428000926971435,0.011635373791939222,0.002200031280517578,0.0007483537354600843,0.2,1,150,0.5,"{'learning_rate': 0.2, 'max_depth': 1, 'n_estimators': 150, 'subsample': 0.5}",0.55859375,0.58984375,0.5859375,0.63671875,0.6078431372549019,0.5957873774509804,0.025831884635984993,83,0.71875,GBM,0,
7,0.903428602218628,0.07481392061128253,0.0019939422607421877,0.000623633832187307,0.2,1,150,0.75,"{'learning_rate': 0.2, 'max_depth': 1, 'n_estimators': 150, 'subsample': 0.75}",0.54296875,0.578125,0.58203125,0.62890625,0.6235294117647059,0.5911121323529411,0.03177479702098003,89,0.71875,GBM,0,
8,0.9428019523620605,0.08352840329603392,0.0023995399475097655,0.000799549018298093,0.2,1,150,1.0,"{'learning_rate': 0.2, 'max_depth': 1, 'n_estimators': 150, 'subsample': 1.0}",0.5625,0.58984375,0.5859375,0.61328125,0.6196078431372549,0.594234068627451,0.020502597939800065,84,0.71875,GBM,0,
9,0.4574130535125732,0.02309480156017613,0.0018004417419433595,0.0004004973601026771,0.2,3,50,0.5,"{'learning_rate': 0.2, 'max_depth': 3, 'n_estimators': 50, 'subsample': 0.5}",0.5390625,0.61328125,0.625,0.5859375,0.615686274509804,0.5957935049019608,0.03120932750640515,82,0.71875,GBM,0,
10,0.5606012344360352,0.026536939797544973,0.0019999027252197267,3.504023183989303e-07,0.2,3,50,0.75,"{'learning_rate': 0.2, 'max_depth': 3, 'n_estimators': 50, 'subsample': 0.75}",0.578125,0.59765625,0.6171875,0.6328125,0.6235294117647059,0.6098621323529412,0.01961328145324456,77,0.71875,GBM,0,
11,0.6310064792633057,0.02444830839965393,0.001800203323364258,0.00039989991982043304,0.2,3,50,1.0,"{'learning_rate': 0.2, 'max_depth': 3, 'n_estimators': 50, 'subsample': 1.0}",0.609375,0.609375,0.6328125,0.66015625,0.6431372549019608,0.6309712009803922,0.01967720574649775,45,0.71875,GBM,0,
12,0.8986067295074462,0.026472782675716143,0.00240020751953125,0.0004898435680851882,0.2,3,100,0.5,"{'learning_rate': 0.2, 'max_depth': 3, 'n_estimators': 100, 'subsample': 0.5}",0.5703125,0.61328125,0.62109375,0.609375,0.6196078431372549,0.6067340686274509,0.018699226096146854,78,0.71875,GBM,0,
13,1.137993574142456,0.07478127531608379,0.002599620819091797,0.0004899029140459492,0.2,3,100,0.75,"{'learning_rate': 0.2, 'max_depth': 3, 'n_estimators': 100, 'subsample': 0.75}",0.59375,0.609375,0.6484375,0.6328125,0.6039215686274509,0.6176593137254902,0.020029610988351102,70,0.71875,GBM,0,
14,1.2228003978729247,0.07967464053576134,0.003000164031982422,0.0006325605280100427,0.2,3,100,1.0,"{'learning_rate': 0.2, 'max_depth': 3, 'n_estimators': 100, 'subsample': 1.0}",0.5703125,0.64453125,0.6328125,0.62890625,0.6392156862745098,0.623155637254902,0.026957610037622984,61,0.71875,GBM,0,
15,1.378598928451538,0.06835957387133977,0.003605937957763672,0.0004946620885960908,0.2,3,150,0.5,"{'learning_rate': 0.2, 'max_depth': 3, 'n_estimators': 150, 'subsample': 0.5}",0.55859375,0.6484375,0.64453125,0.59375,0.6392156862745098,0.616905637254902,0.03518985895647816,71,0.71875,GBM,0,
16,1.6832005977630615,0.0828282786161223,0.004200172424316406,0.0003999763803571525,0.2,3,150,0.75,"{'learning_rate': 0.2, 'max_depth': 3, 'n_estimators': 150, 'subsample': 0.75}",0.59765625,0.63671875,0.640625,0.6328125,0.6274509803921569,0.6270526960784314,0.015330525403949465,55,0.71875,GBM,0,
17,1.8531993865966796,0.042054197374351544,0.003799724578857422,0.0007485969862154207,0.2,3,150,1.0,"{'learning_rate': 0.2, 'max_depth': 3, 'n_estimators': 150, 'subsample': 1.0}",0.61328125,0.6484375,0.6484375,0.640625,0.6235294117647059,0.6348621323529412,0.014113517606079925,39,0.71875,GBM,0,
18,0.6722003936767578,0.032127367450641424,0.0027999401092529295,0.00040016216931715857,0.2,5,50,0.5,"{'learning_rate': 0.2, 'max_depth': 5, 'n_estimators': 50, 'subsample': 0.5}",0.57421875,0.609375,0.640625,0.640625,0.6235294117647059,0.6176746323529412,0.024677985333075327,69,0.71875,GBM,0,
19,0.9074061870574951,0.0370295801793056,0.002993488311767578,1.3905833884289397e-05,0.2,5,50,0.75,"{'learning_rate': 0.2, 'max_depth': 5, 'n_estimators': 50, 'subsample': 0.75}",0.61328125,0.609375,0.65625,0.64453125,0.6705882352941176,0.6388051470588235,0.023936911763124794,32,0.71875,GBM,0,
20,1.0332003116607666,0.037658607018186775,0.0030000686645507814,5.519789172549355e-07,0.2,5,50,1.0,"{'learning_rate': 0.2, 'max_depth': 5, 'n_estimators': 50, 'subsample': 1.0}",0.6171875,0.64453125,0.65234375,0.6640625,0.6470588235294118,0.6450367647058823,0.015461542285504809,25,0.71875,GBM,0,
21,1.3928205966949463,0.02256475375373225,0.004386758804321289,0.0007994513713532032,0.2,5,100,0.5,"{'learning_rate': 0.2, 'max_depth': 5, 'n_estimators': 100, 'subsample': 0.5}",0.578125,0.62890625,0.65625,0.63671875,0.6509803921568628,0.6301960784313725,0.027807914833458836,47,0.71875,GBM,0,
22,1.8239990711212157,0.06049065640244824,0.004999732971191407,0.0006327867611239407,0.2,5,100,0.75,"{'learning_rate': 0.2, 'max_depth': 5, 'n_estimators': 100, 'subsample': 0.75}",0.60546875,0.66015625,0.65625,0.65234375,0.6470588235294118,0.6442555147058824,0.01987154884374629,28,0.71875,GBM,0,
23,2.087199831008911,0.03870604355823946,0.005399894714355469,0.000800156669691146,0.2,5,100,1.0,"{'learning_rate': 0.2, 'max_depth': 5, 'n_estimators': 100, 'subsample': 1.0}",0.62109375,0.6328125,0.64453125,0.6484375,0.6549019607843137,0.6403553921568628,0.01201887678126726,31,0.71875,GBM,0,
24,1.9631992340087892,0.11409475286794528,0.005200862884521484,0.0007486475044356214,0.2,5,150,0.5,"{'learning_rate': 0.2, 'max_depth': 5, 'n_estimators': 150, 'subsample': 0.5}",0.57421875,0.640625,0.65625,0.609375,0.6431372549019608,0.6247212009803922,0.02957076418516955,59,0.71875,GBM,0,
25,2.646812105178833,0.1425407538553584,0.007192802429199219,0.0007424125073707864,0.2,5,150,0.75,"{'learning_rate': 0.2, 'max_depth': 5, 'n_estimators': 150, 'subsample': 0.75}",0.609375,0.6328125,0.6796875,0.66015625,0.6549019607843137,0.6473866421568627,0.02416683212592008,18,0.71875,GBM,0,
26,3.1190137386322023,0.0811832770923959,0.006194400787353516,0.0011543036469937463,0.2,5,150,1.0,"{'learning_rate': 0.2, 'max_depth': 5, 'n_estimators': 150, 'subsample': 1.0}",0.625,0.625,0.66015625,0.66015625,0.6627450980392157,0.6466115196078431,0.017671034804527218,20,0.71875,GBM,0,
27,1.019206953048706,0.05903089995011837,0.0035988330841064454,0.0004909754580929896,0.2,7,50,0.5,"{'learning_rate': 0.2, 'max_depth': 7, 'n_estimators': 50, 'subsample': 0.5}",0.609375,0.625,0.65625,0.6328125,0.6313725490196078,0.6309620098039216,0.015130233691169613,46,0.71875,GBM,0,
28,1.3930061340332032,0.061962511086917305,0.0035933494567871095,0.00048518265435897235,0.2,7,50,0.75,"{'learning_rate': 0.2, 'max_depth': 7, 'n_estimators': 50, 'subsample': 0.75}",0.58984375,0.6171875,0.65625,0.66015625,0.6235294117647059,0.6293933823529412,0.02613493857516069,51,0.71875,GBM,0,
29,1.6521994113922118,0.1243153336620874,0.004199838638305664,0.00040001893358977003,0.2,7,50,1.0,"{'learning_rate': 0.2, 'max_depth': 7, 'n_estimators': 50, 'subsample': 1.0}",0.6171875,0.60546875,0.66015625,0.6796875,0.6588235294117647,0.644264705882353,0.028133880398287372,26,0.71875,GBM,0,
30,1.9614072799682618,0.09987615361920679,0.005999851226806641,0.0008949491676397755,0.2,7,100,0.5,"{'learning_rate': 0.2, 'max_depth': 7, 'n_estimators': 100, 'subsample': 0.5}",0.59375,0.62109375,0.6640625,0.625,0.6431372549019608,0.6294087009803921,0.023449848566754746,50,0.71875,GBM,0,
31,2.743000793457031,0.21278355831191723,0.0071999549865722655,0.0009806015749593202,0.2,7,100,0.75,"{'learning_rate': 0.2, 'max_depth': 7, 'n_estimators': 100, 'subsample': 0.75}",0.625,0.64453125,0.671875,0.66015625,0.6352941176470588,0.6473713235294117,0.016842123034038356,19,0.71875,GBM,0,
32,3.323399543762207,0.12344384037377555,0.0072062969207763675,0.0007558420474029026,0.2,7,100,1.0,"{'learning_rate': 0.2, 'max_depth': 7, 'n_estimators': 100, 'subsample': 1.0}",0.6171875,0.62109375,0.671875,0.66796875,0.6549019607843137,0.6466053921568627,0.02315182694459556,21,0.71875,GBM,0,
33,3.052801752090454,0.07722526926856861,0.008799886703491211,0.0011668501219992723,0.2,7,150,0.5,"{'learning_rate': 0.2, 'max_depth': 7, 'n_estimators': 150, 'subsample': 0.5}",0.59375,0.6015625,0.66015625,0.65234375,0.6196078431372549,0.625484068627451,0.02659859104474159,57,0.71875,GBM,0,
34,3.9812057971954347,0.2716577095286843,0.009798860549926758,0.000750455533285101,0.2,7,150,0.75,"{'learning_rate': 0.2, 'max_depth': 7, 'n_estimators': 150, 'subsample': 0.75}",0.6171875,0.63671875,0.68359375,0.66015625,0.6313725490196078,0.6458057598039215,0.02342547710016773,23,0.71875,GBM,0,
35,5.0047999858856205,0.0739574417993532,0.01080150604248047,0.0009802929516415692,0.2,7,150,1.0,"{'learning_rate': 0.2, 'max_depth': 7, 'n_estimators': 150, 'subsample': 1.0}",0.60546875,0.62109375,0.6796875,0.66015625,0.6627450980392157,0.6458302696078431,0.027851767815527746,22,0.71875,GBM,0,
36,1.4197998046875,0.032878287925026166,0.004799175262451172,0.00040032935677761656,0.2,9,50,0.5,"{'learning_rate': 0.2, 'max_depth': 9, 'n_estimators': 50, 'subsample': 0.5}",0.609375,0.58203125,0.640625,0.66015625,0.592156862745098,0.6168688725490197,0.029389291033466238,72,0.71875,GBM,0,
37,2.003219413757324,0.081827805759544,0.005398941040039062,0.0008002180888302385,0.2,9,50,0.75,"{'learning_rate': 0.2, 'max_depth': 9, 'n_estimators': 50, 'subsample': 0.75}",0.60546875,0.62890625,0.6953125,0.66015625,0.6509803921568628,0.6481648284313726,0.03022737991056203,15,0.71875,GBM,0,
38,2.7018131732940676,0.07782787778459788,0.006014347076416016,0.0006451969390285928,0.2,9,50,1.0,"{'learning_rate': 0.2, 'max_depth': 9, 'n_estimators': 50, 'subsample': 1.0}",0.60546875,0.6484375,0.66015625,0.66015625,0.6666666666666666,0.6481770833333333,0.022149199140588452,14,0.71875,GBM,0,
39,2.7214005470275877,0.15637597509888942,0.007800483703613281,0.0007488126238751462,0.2,9,100,0.5,"{'learning_rate': 0.2, 'max_depth': 9, 'n_estimators': 100, 'subsample': 0.5}",0.625,0.6015625,0.625,0.6484375,0.6431372549019608,0.6286274509803922,0.01650333799449652,53,0.71875,GBM,0,
40,4.0607993602752686,0.23827372181797402,0.009599828720092773,0.0010203566323191188,0.2,9,100,0.75,"{'learning_rate': 0.2, 'max_depth': 9, 'n_estimators': 100, 'subsample': 0.75}",0.62109375,0.60546875,0.70703125,0.671875,0.6470588235294118,0.6505055147058824,0.03621341025263797,11,0.71875,GBM,0,
41,5.256607389450073,0.24637888236991293,0.010398197174072265,0.0012009798896937408,0.2,9,100,1.0,"{'learning_rate': 0.2, 'max_depth': 9, 'n_estimators': 100, 'subsample': 1.0}",0.62890625,0.62890625,0.67578125,0.66015625,0.6784313725490196,0.654436274509804,0.021760768052343497,5,0.71875,GBM,0,
42,3.952607011795044,0.2618488212430062,0.012793254852294923,0.0003965539445009347,0.2,9,150,0.5,"{'learning_rate': 0.2, 'max_depth': 9, 'n_estimators': 150, 'subsample': 0.5}",0.609375,0.6015625,0.65625,0.65625,0.6431372549019608,0.6333149509803921,0.023366000931255133,43,0.71875,GBM,0,
43,5.854178094863892,0.2306402524688511,0.013607597351074219,0.0010231832986346487,0.2,9,150,0.75,"{'learning_rate': 0.2, 'max_depth': 9, 'n_estimators': 150, 'subsample': 0.75}",0.62109375,0.6171875,0.70703125,0.671875,0.6470588235294118,0.6528492647058823,0.03350035677148889,8,0.71875,GBM,0,
44,7.863000202178955,0.14222855702372994,0.015200376510620117,0.0007484565663503236,0.2,9,150,1.0,"{'learning_rate': 0.2, 'max_depth': 9, 'n_estimators': 150, 'subsample': 1.0}",0.6171875,0.6328125,0.6875,0.66796875,0.6745098039215687,0.6559957107843137,0.026541228450433725,1,0.71875,GBM,0,
45,0.25980067253112793,0.020931371507825734,0.0010000228881835937,4.422005889652111e-07,0.4,1,50,0.5,"{'learning_rate': 0.4, 'max_depth': 1, 'n_estimators': 50, 'subsample': 0.5}",0.03515625,0.609375,0.55859375,0.58984375,0.5176470588235295,0.46212316176470586,0.215724766220198,117,0.71875,GBM,0,
46,0.3206007480621338,0.02910365299540394,0.0009996891021728516,0.0006325613978776552,0.4,1,50,0.75,"{'learning_rate': 0.4, 'max_depth': 1, 'n_estimators': 50, 'subsample': 0.75}",0.57421875,0.58984375,0.5859375,0.59375,0.6196078431372549,0.592671568627451,0.014970481972597888,87,0.71875,GBM,0,
47,0.30820045471191404,0.027909500179117214,0.0014004707336425781,0.0004901744046364146,0.4,1,50,1.0,"{'learning_rate': 0.4, 'max_depth': 1, 'n_estimators': 50, 'subsample': 1.0}",0.58203125,0.5546875,0.58984375,0.59375,0.611764705882353,0.5864154411764706,0.018622661781945233,92,0.71875,GBM,0,
48,0.5863988399505615,0.10067192513983651,0.0014002323150634766,0.0004896875011448433,0.4,1,100,0.5,"{'learning_rate': 0.4, 'max_depth': 1, 'n_estimators': 100, 'subsample': 0.5}",0.03515625,0.53125,0.5390625,0.5625,0.5098039215686274,0.4355545343137255,0.2009071576429433,121,0.71875,GBM,0,
49,0.5905993461608887,0.061020270235765416,0.0017999172210693359,0.00040011432937742076,0.4,1,100,0.75,"{'learning_rate': 0.4, 'max_depth': 1, 'n_estimators': 100, 'subsample': 0.75}",0.55859375,0.57421875,0.5859375,0.58984375,0.6078431372549019,0.5832873774509804,0.016401278917247488,95,0.71875,GBM,0,
50,0.6255998134613037,0.04147613595736771,0.0017998695373535156,0.00039901770437635514,0.4,1,100,1.0,"{'learning_rate': 0.4, 'max_depth': 1, 'n_estimators': 100, 'subsample': 1.0}",0.6015625,0.55859375,0.58984375,0.609375,0.6078431372549019,0.5934436274509804,0.018732558188173553,86,0.71875,GBM,0,
51,0.8615998744964599,0.05381691701200172,0.0017998695373535156,0.0007483410625276795,0.4,1,150,0.5,"{'learning_rate': 0.4, 'max_depth': 1, 'n_estimators': 150, 'subsample': 0.5}",0.03515625,0.50390625,0.51171875,0.55078125,0.5019607843137255,0.4207046568627451,0.19358518673447098,122,0.71875,GBM,0,
52,0.9182010650634765,0.05755197730187521,0.002399587631225586,0.0004901546575989421,0.4,1,150,0.75,"{'learning_rate': 0.4, 'max_depth': 1, 'n_estimators': 150, 'subsample': 0.75}",0.5546875,0.58203125,0.609375,0.625,0.6235294117647059,0.5989246323529411,0.026969762319767953,80,0.71875,GBM,0,
53,0.9054038524627686,0.016981388366844066,0.0017947673797607422,0.0007396780995281532,0.4,1,150,1.0,"{'learning_rate': 0.4, 'max_depth': 1, 'n_estimators': 150, 'subsample': 1.0}",0.58203125,0.55859375,0.59375,0.60546875,0.6078431372549019,0.5895373774509804,0.01800280917618393,91,0.71875,GBM,0,
54,0.4726100921630859,0.03558261153289386,0.0017946720123291015,0.0003974171997460352,0.4,3,50,0.5,"{'learning_rate': 0.4, 'max_depth': 3, 'n_estimators': 50, 'subsample': 0.5}",0.39453125,0.5859375,0.58203125,0.58203125,0.615686274509804,0.5520435049019607,0.07975944481187558,105,0.71875,GBM,0,
55,0.5520021915435791,0.033340982598937835,0.0015993595123291015,0.0004893393525924223,0.4,3,50,0.75,"{'learning_rate': 0.4, 'max_depth': 3, 'n_estimators': 50, 'subsample': 0.75}",0.578125,0.62890625,0.625,0.6171875,0.6470588235294118,0.6192555147058824,0.022782254977690694,66,0.71875,GBM,0,
56,0.6054053783416748,0.04073043708946303,0.0017992496490478516,0.0004001393041419633,0.4,3,50,1.0,"{'learning_rate': 0.4, 'max_depth': 3, 'n_estimators': 50, 'subsample': 1.0}",0.58984375,0.640625,0.6484375,0.640625,0.6509803921568628,0.6341023284313725,0.022513455676879148,40,0.71875,GBM,0,
57,0.9138065338134765,0.04940982578080256,0.0027992725372314453,0.00039982933619698695,0.4,3,100,0.5,"{'learning_rate': 0.4, 'max_depth': 3, 'n_estimators': 100, 'subsample': 0.5}",0.39453125,0.609375,0.59375,0.5625,0.596078431372549,0.5512469362745098,0.07985196671210268,106,0.71875,GBM,0,
58,1.0535993576049805,0.061303346996921214,0.00320582389831543,0.0003974552387443653,0.4,3,100,0.75,"{'learning_rate': 0.4, 'max_depth': 3, 'n_estimators': 100, 'subsample': 0.75}",0.5703125,0.60546875,0.64453125,0.6484375,0.6431372549019608,0.6223774509803921,0.030323422347098197,62,0.71875,GBM,0,
59,1.2344004154205321,0.07582692673696396,0.002800130844116211,0.00040001881990829716,0.4,3,100,1.0,"{'learning_rate': 0.4, 'max_depth': 3, 'n_estimators': 100, 'subsample': 1.0}",0.5859375,0.625,0.625,0.62890625,0.6588235294117647,0.624733455882353,0.023172456099204288,58,0.71875,GBM,0,
60,1.41139874458313,0.11436821999063261,0.0032009124755859376,0.0009801263919772332,0.4,3,150,0.5,"{'learning_rate': 0.4, 'max_depth': 3, 'n_estimators': 150, 'subsample': 0.5}",0.39453125,0.62109375,0.6015625,0.57421875,0.611764705882353,0.5606341911764706,0.08452164404018943,102,0.71875,GBM,0,
61,1.6650070190429687,0.12826315369899702,0.0037981986999511717,0.0007458963164680802,0.4,3,150,0.75,"{'learning_rate': 0.4, 'max_depth': 3, 'n_estimators': 150, 'subsample': 0.75}",0.59375,0.6015625,0.6640625,0.6328125,0.6274509803921569,0.6239276960784313,0.024952158604544337,60,0.71875,GBM,0,
62,1.8573987007141113,0.08470615854872711,0.0039999961853027345,0.000632485143327011,0.4,3,150,1.0,"{'learning_rate': 0.4, 'max_depth': 3, 'n_estimators': 150, 'subsample': 1.0}",0.55859375,0.609375,0.62890625,0.6171875,0.6549019607843137,0.6137928921568627,0.03161124969716665,74,0.71875,GBM,0,
63,0.6724133014678955,0.061040049473633555,0.0023994922637939455,0.0004900392488514871,0.4,5,50,0.5,"{'learning_rate': 0.4, 'max_depth': 5, 'n_estimators': 50, 'subsample': 0.5}",0.5546875,0.578125,0.56640625,0.63671875,0.5686274509803921,0.5809129901960783,0.028883254794388073,98,0.71875,GBM,0,
64,0.9053942680358886,0.037725499329238014,0.0023995399475097655,0.000489901753744907,0.4,5,50,0.75,"{'learning_rate': 0.4, 'max_depth': 5, 'n_estimators': 50, 'subsample': 0.75}",0.56640625,0.59765625,0.62890625,0.64453125,0.6431372549019608,0.6161274509803921,0.030043255827562974,73,0.71875,GBM,0,
65,1.0516068935394287,0.09718802265877279,0.0029993534088134767,5.091227651611e-07,0.4,5,50,1.0,"{'learning_rate': 0.4, 'max_depth': 5, 'n_estimators': 50, 'subsample': 1.0}",0.62109375,0.6328125,0.64453125,0.6484375,0.6784313725490196,0.645061274509804,0.019233917831833355,24,0.71875,GBM,0,
66,1.269819164276123,0.0974494691362549,0.004201221466064453,0.0007484439954115049,0.4,5,100,0.5,"{'learning_rate': 0.4, 'max_depth': 5, 'n_estimators': 100, 'subsample': 0.5}",0.55078125,0.0859375,0.0703125,0.6171875,0.5686274509803921,0.3785692401960784,0.24632227953053298,124,0.71875,GBM,0,
67,1.6930052280426025,0.031115769426949557,0.004801368713378907,0.0007479099030519618,0.4,5,100,0.75,"{'learning_rate': 0.4, 'max_depth': 5, 'n_estimators': 100, 'subsample': 0.75}",0.58984375,0.6015625,0.61328125,0.65234375,0.6352941176470588,0.6184650735294117,0.022639481549668987,68,0.71875,GBM,0,
68,2.0704119205474854,0.062482924581239614,0.00480046272277832,0.0007484305098221417,0.4,5,100,1.0,"{'learning_rate': 0.4, 'max_depth': 5, 'n_estimators': 100, 'subsample': 1.0}",0.60546875,0.6328125,0.65625,0.65625,0.6862745098039216,0.6474111519607844,0.02697738598706905,16,0.71875,GBM,0,
69,2.074600601196289,0.11308920030940006,0.004999637603759766,0.0006324099797605504,0.4,5,150,0.5,"{'learning_rate': 0.4, 'max_depth': 5, 'n_estimators': 150, 'subsample': 0.5}",0.21875,0.0859375,0.0703125,0.0703125,0.03529411764705882,0.09612132352941176,0.06351951239423236,135,0.71875,GBM,0,
70,2.501999568939209,0.18956857656162346,0.0057999610900878905,0.0009799976532613886,0.4,5,150,0.75,"{'learning_rate': 0.4, 'max_depth': 5, 'n_estimators': 150, 'subsample': 0.75}",0.59375,0.61328125,0.60546875,0.64453125,0.6392156862745098,0.619249387254902,0.01956307264323457,67,0.71875,GBM,0,
71,3.051601505279541,0.07325143455169472,0.006400680541992188,0.0010207777861867692,0.4,5,150,1.0,"{'learning_rate': 0.4, 'max_depth': 5, 'n_estimators': 150, 'subsample': 1.0}",0.62109375,0.62890625,0.6640625,0.6484375,0.6784313725490196,0.6481862745098039,0.021319511415026436,13,0.71875,GBM,0,
72,0.8823993682861329,0.056086813301889436,0.00279998779296875,0.00039994771718585644,0.4,7,50,0.5,"{'learning_rate': 0.4, 'max_depth': 7, 'n_estimators': 50, 'subsample': 0.5}",0.5859375,0.55859375,0.60546875,0.578125,0.596078431372549,0.5848406862745098,0.016043746658655704,93,0.71875,GBM,0,
73,1.2502065658569337,0.09248051920428836,0.0033999919891357423,0.0004897652831726386,0.4,7,50,0.75,"{'learning_rate': 0.4, 'max_depth': 7, 'n_estimators': 50, 'subsample': 0.75}",0.5703125,0.59765625,0.63671875,0.64453125,0.6509803921568628,0.6200398284313725,0.031013437136540593,64,0.71875,GBM,0,
74,1.6912002086639404,0.08909716745535351,0.0037994384765625,0.00039827956014171705,0.4,7,50,1.0,"{'learning_rate': 0.4, 'max_depth': 7, 'n_estimators': 50, 'subsample': 1.0}",0.59375,0.6171875,0.66796875,0.6484375,0.6549019607843137,0.6364491421568628,0.027099596001301855,36,0.71875,GBM,0,
75,1.6635995388031006,0.08621310410141544,0.005206155776977539,0.0007470110648868074,0.4,7,100,0.5,"{'learning_rate': 0.4, 'max_depth': 7, 'n_estimators': 100, 'subsample': 0.5}",0.5859375,0.5234375,0.59375,0.5703125,0.6,0.5746875,0.02748223858240081,100,0.71875,GBM,0,
76,2.388006162643433,0.15781664303544896,0.006599235534667969,0.0008003356003549051,0.4,7,100,0.75,"{'learning_rate': 0.4, 'max_depth': 7, 'n_estimators': 100, 'subsample': 0.75}",0.6015625,0.59375,0.6640625,0.6640625,0.6470588235294118,0.6340992647058823,0.03049670580017832,41,0.71875,GBM,0,
77,3.2734145164489745,0.21202491092440964,0.007399845123291016,0.0007997518361337833,0.4,7,100,1.0,"{'learning_rate': 0.4, 'max_depth': 7, 'n_estimators': 100, 'subsample': 1.0}",0.609375,0.6328125,0.65625,0.6640625,0.6509803921568628,0.6426960784313726,0.019579795733755404,30,0.71875,GBM,0,
78,2.4750015258789064,0.06303510636044836,0.005999326705932617,0.0008943628974723599,0.4,7,150,0.5,"{'learning_rate': 0.4, 'max_depth': 7, 'n_estimators': 150, 'subsample': 0.5}",0.55078125,0.453125,0.58203125,0.046875,0.596078431372549,0.4457781862745098,0.20560079383831467,120,0.71875,GBM,0,
79,3.512406349182129,0.2254690768755535,0.008399581909179688,0.0010200295770797798,0.4,7,150,0.75,"{'learning_rate': 0.4, 'max_depth': 7, 'n_estimators': 150, 'subsample': 0.75}",0.6015625,0.6015625,0.65625,0.6640625,0.6666666666666666,0.6380208333333333,0.029964895549255254,33,0.71875,GBM,0,
80,4.708005332946778,0.05346516520114679,0.010400915145874023,0.0011996004838014105,0.4,7,150,1.0,"{'learning_rate': 0.4, 'max_depth': 7, 'n_estimators': 150, 'subsample': 1.0}",0.6015625,0.64453125,0.68359375,0.66015625,0.6745098039215687,0.6528707107843138,0.028869754665308004,7,0.71875,GBM,0,
81,1.2150067806243896,0.04307493457386922,0.003800487518310547,0.00039999613980828155,0.4,9,50,0.5,"{'learning_rate': 0.4, 'max_depth': 9, 'n_estimators': 50, 'subsample': 0.5}",0.53125,0.609375,0.578125,0.58203125,0.5647058823529412,0.5730974264705881,0.02546675147921264,101,0.71875,GBM,0,
82,1.8864145755767823,0.06625624621468294,0.004799604415893555,0.0007478828211619638,0.4,9,50,0.75,"{'learning_rate': 0.4, 'max_depth': 9, 'n_estimators': 50, 'subsample': 0.75}",0.5859375,0.625,0.65234375,0.6640625,0.6392156862745098,0.633311887254902,0.027041031282577878,44,0.71875,GBM,0,
83,2.673200273513794,0.08815406098889414,0.005999565124511719,1.3737545290840085e-06,0.4,9,50,1.0,"{'learning_rate': 0.4, 'max_depth': 9, 'n_estimators': 50, 'subsample': 1.0}",0.609375,0.640625,0.6640625,0.65625,0.6509803921568628,0.6442585784313726,0.019032809655370044,27,0.71875,GBM,0,
84,2.255212163925171,0.0672172667051898,0.006394863128662109,0.0007932545932100014,0.4,9,100,0.5,"{'learning_rate': 0.4, 'max_depth': 9, 'n_estimators': 100, 'subsample': 0.5}",0.54296875,0.53515625,0.23046875,0.55859375,0.5764705882352941,0.48873161764705875,0.12990416953819575,114,0.71875,GBM,0,
85,3.6056057929992678,0.2954253426345954,0.009199285507202148,0.0011604619053394384,0.4,9,100,0.75,"{'learning_rate': 0.4, 'max_depth': 9, 'n_estimators': 100, 'subsample': 0.75}",0.58984375,0.6328125,0.6640625,0.68359375,0.6470588235294118,0.6434742647058823,0.031737053829905756,29,0.71875,GBM,0,
86,5.166200065612793,0.2586202516469466,0.010811424255371094,0.0011639782131680698,0.4,9,100,1.0,"{'learning_rate': 0.4, 'max_depth': 9, 'n_estimators': 100, 'subsample': 1.0}",0.61328125,0.6484375,0.6796875,0.65625,0.6784313725490196,0.655217524509804,0.02426251552923408,2,0.71875,GBM,0,
87,3.2818329334259033,0.1028769297842064,0.00938725471496582,0.0013684006297649948,0.4,9,150,0.5,"{'learning_rate': 0.4, 'max_depth': 9, 'n_estimators': 150, 'subsample': 0.5}",0.4375,0.55078125,0.2890625,0.5390625,0.5490196078431373,0.4730851715686274,0.1012782061153399,115,0.71875,GBM,0,
88,5.029593992233276,0.3688220924160137,0.012205410003662109,0.0011622701877860378,0.4,9,150,0.75,"{'learning_rate': 0.4, 'max_depth': 9, 'n_estimators': 150, 'subsample': 0.75}",0.5859375,0.625,0.65234375,0.6796875,0.6392156862745098,0.636436887254902,0.03102371999748287,37,0.71875,GBM,0,
89,7.529217147827149,0.14190979868667705,0.015605449676513672,0.0004829561302986981,0.4,9,150,1.0,"{'learning_rate': 0.4, 'max_depth': 9, 'n_estimators': 150, 'subsample': 1.0}",0.6171875,0.640625,0.68359375,0.65625,0.6784313725490196,0.655217524509804,0.024512786276886696,2,0.71875,GBM,0,
90,0.28180561065673826,0.055700183867898954,0.001594400405883789,0.0004847220719450216,0.6000000000000001,1,50,0.5,"{'learning_rate': 0.6000000000000001, 'max_depth': 1, 'n_estimators': 50, 'subsample': 0.5}",0.4921875,0.58203125,0.59765625,0.54296875,0.4,0.52296875,0.07146383755526287,112,0.71875,GBM,0,
91,0.3068066120147705,0.038743953040794546,0.0009997367858886718,0.0006321837808538049,0.6000000000000001,1,50,0.75,"{'learning_rate': 0.6000000000000001, 'max_depth': 1, 'n_estimators': 50, 'subsample': 0.75}",0.52734375,0.55859375,0.56640625,0.546875,0.5882352941176471,0.5574908088235294,0.02023593585331376,103,0.71875,GBM,0,
92,0.31439895629882814,0.01693023167513016,0.001199960708618164,0.000748009770446154,0.6000000000000001,1,50,1.0,"{'learning_rate': 0.6000000000000001, 'max_depth': 1, 'n_estimators': 50, 'subsample': 1.0}",0.578125,0.6015625,0.57421875,0.5546875,0.5882352941176471,0.5793658088235294,0.015546135314122843,99,0.71875,GBM,0,
93,0.5918174266815186,0.0798635184182447,0.001405811309814453,0.0004971759637007704,0.6000000000000001,1,100,0.5,"{'learning_rate': 0.6000000000000001, 'max_depth': 1, 'n_estimators': 100, 'subsample': 0.5}",0.51171875,0.578125,0.59375,0.53515625,0.4,0.5237499999999999,0.06847708615387339,111,0.71875,GBM,0,
94,0.6136018753051757,0.04848844094202658,0.001800203323364258,0.00039989969238978966,0.6000000000000001,1,100,0.75,"{'learning_rate': 0.6000000000000001, 'max_depth': 1, 'n_estimators': 100, 'subsample': 0.75}",0.5078125,0.55078125,0.578125,0.57421875,0.5568627450980392,0.5535600490196078,0.025066657174603907,104,0.71875,GBM,0,
95,0.6465991497039795,0.026286668565894143,0.0014027118682861327,0.0004910796458860523,0.6000000000000001,1,100,1.0,"{'learning_rate': 0.6000000000000001, 'max_depth': 1, 'n_estimators': 100, 'subsample': 1.0}",0.578125,0.58984375,0.5703125,0.5703125,0.596078431372549,0.5809344362745098,0.010414033332082911,97,0.71875,GBM,0,
96,0.9097988128662109,0.08263165064882738,0.002006721496582031,0.0006228736991303446,0.6000000000000001,1,150,0.5,"{'learning_rate': 0.6000000000000001, 'max_depth': 1, 'n_estimators': 150, 'subsample': 0.5}",0.5390625,0.578125,0.5859375,0.53515625,0.4,0.5276562499999999,0.06697203824171696,110,0.71875,GBM,0,
97,0.9249997615814209,0.030481128008093415,0.0020003318786621094,3.371747880871523e-07,0.6000000000000001,1,150,0.75,"{'learning_rate': 0.6000000000000001, 'max_depth': 1, 'n_estimators': 150, 'subsample': 0.75}",0.51953125,0.55078125,0.515625,0.56640625,0.5529411764705883,0.5410569852941176,0.019942535952433442,107,0.71875,GBM,0,
98,0.9499987602233887,0.04041353182031322,0.0015998363494873046,0.0004900183456226636,0.6000000000000001,1,150,1.0,"{'learning_rate': 0.6000000000000001, 'max_depth': 1, 'n_estimators': 150, 'subsample': 1.0}",0.578125,0.6015625,0.58203125,0.58984375,0.6039215686274509,0.5910968137254902,0.010256973171279216,90,0.71875,GBM,0,
99,0.4654061317443848,0.024374825061347992,0.0017971515655517579,0.00039888947122207534,0.6000000000000001,3,50,0.5,"{'learning_rate': 0.6000000000000001, 'max_depth': 3, 'n_estimators': 50, 'subsample': 0.5}",0.296875,0.54296875,0.54296875,0.0703125,0.5450980392156862,0.3996446078431372,0.19040039374995316,123,0.71875,GBM,0,
100,0.5676050186157227,0.02734322734633876,0.0018008232116699218,0.0003999735380082726,0.6000000000000001,3,50,0.75,"{'learning_rate': 0.6000000000000001, 'max_depth': 3, 'n_estimators': 50, 'subsample': 0.75}",0.5546875,0.5703125,0.5546875,0.0390625,0.5882352941176471,0.46139705882352944,0.21152929048510394,118,0.71875,GBM,0,
101,0.6499987602233886,0.048316043177221234,0.001800680160522461,0.0004004986091029348,0.6000000000000001,3,50,1.0,"{'learning_rate': 0.6000000000000001, 'max_depth': 3, 'n_estimators': 50, 'subsample': 1.0}",0.61328125,0.65625,0.65234375,0.61328125,0.6352941176470588,0.6340900735294117,0.018394146033281485,42,0.71875,GBM,0,
102,0.9552057266235352,0.06847994916601743,0.0028005123138427736,0.0003999712072671187,0.6000000000000001,3,100,0.5,"{'learning_rate': 0.6000000000000001, 'max_depth': 3, 'n_estimators': 100, 'subsample': 0.5}",0.296875,0.56640625,0.57421875,0.0703125,0.03529411764705882,0.3086213235294118,0.23178951409722148,127,0.71875,GBM,0,
103,1.1531919479370116,0.07421742349232127,0.002599811553955078,0.0004884048348357214,0.6000000000000001,3,100,0.75,"{'learning_rate': 0.6000000000000001, 'max_depth': 3, 'n_estimators': 100, 'subsample': 0.75}",0.55859375,0.60546875,0.08203125,0.0390625,0.5803921568627451,0.3731096813725491,0.25599815379279656,125,0.71875,GBM,0,
104,1.2260003566741944,0.0680959958827411,0.0026006221771240233,0.00049023700820176,0.6000000000000001,3,100,1.0,"{'learning_rate': 0.6000000000000001, 'max_depth': 3, 'n_estimators': 100, 'subsample': 1.0}",0.60546875,0.62109375,0.64453125,0.64453125,0.6235294117647059,0.6278308823529412,0.01497839192988898,54,0.71875,GBM,0,
105,1.4881990909576417,0.1484642973423451,0.002999734878540039,0.0006322593417206526,0.6000000000000001,3,150,0.5,"{'learning_rate': 0.6000000000000001, 'max_depth': 3, 'n_estimators': 150, 'subsample': 0.5}",0.296875,0.0859375,0.55859375,0.0703125,0.03529411764705882,0.20940257352941177,0.19722541948914366,132,0.71875,GBM,0,
106,1.7284260749816895,0.11120698877278286,0.003805112838745117,0.0009809458438816924,0.6000000000000001,3,150,0.75,"{'learning_rate': 0.6000000000000001, 'max_depth': 3, 'n_estimators': 150, 'subsample': 0.75}",0.55078125,0.58984375,0.0390625,0.0390625,0.5803921568627451,0.35982843137254905,0.2622212608488367,126,0.71875,GBM,0,
107,1.894794511795044,0.04498858481164219,0.0038055419921875,0.00040399186755073256,0.6000000000000001,3,150,1.0,"{'learning_rate': 0.6000000000000001, 'max_depth': 3, 'n_estimators': 150, 'subsample': 1.0}",0.58203125,0.625,0.64453125,0.625,0.6274509803921569,0.6208026960784314,0.020715712427805424,63,0.71875,GBM,0,
108,0.6758000373840332,0.025134415866994393,0.0024001598358154297,0.0004898829889748563,0.6000000000000001,5,50,0.5,"{'learning_rate': 0.6000000000000001, 'max_depth': 5, 'n_estimators': 50, 'subsample': 0.5}",0.51171875,0.57421875,0.25,0.45703125,0.4823529411764706,0.45506433823529413,0.10973369183951513,119,0.71875,GBM,0,
109,0.8415996551513671,0.025056169548694062,0.002600431442260742,0.0004904685677418057,0.6000000000000001,5,50,0.75,"{'learning_rate': 0.6000000000000001, 'max_depth': 5, 'n_estimators': 50, 'subsample': 0.75}",0.58203125,0.6015625,0.63671875,0.60546875,0.6352941176470588,0.6122150735294117,0.02099107355414319,75,0.71875,GBM,0,
110,1.0390299320220948,0.0282087209857499,0.002806282043457031,0.0004045504716546862,0.6000000000000001,5,50,1.0,"{'learning_rate': 0.6000000000000001, 'max_depth': 5, 'n_estimators': 50, 'subsample': 1.0}",0.61328125,0.62890625,0.64453125,0.65234375,0.6509803921568628,0.6380085784313725,0.014903714260871484,34,0.71875,GBM,0,
111,1.3456602573394776,0.10477381663173091,0.0035993576049804686,0.0010194402117692917,0.6000000000000001,5,100,0.5,"{'learning_rate': 0.6000000000000001, 'max_depth': 5, 'n_estimators': 100, 'subsample': 0.5}",0.32421875,0.03515625,0.25,0.34375,0.4235294117647059,0.2753308823529412,0.13218132319593195,129,0.71875,GBM,0,
112,1.6380018711090087,0.1592768747556604,0.003999519348144531,0.0006326362199882071,0.6000000000000001,5,100,0.75,"{'learning_rate': 0.6000000000000001, 'max_depth': 5, 'n_estimators': 100, 'subsample': 0.75}",0.609375,0.60546875,0.6484375,0.62890625,0.20784313725490197,0.5400061274509804,0.16678743467528517,109,0.71875,GBM,0,
113,2.015399360656738,0.08113788263365616,0.004599618911743164,0.0004896291646417613,0.6000000000000001,5,100,1.0,"{'learning_rate': 0.6000000000000001, 'max_depth': 5, 'n_estimators': 100, 'subsample': 1.0}",0.58984375,0.61328125,0.64453125,0.6484375,0.6509803921568628,0.6294148284313725,0.024006683963719768,49,0.71875,GBM,0,
114,2.1198137760162354,0.09434315471720682,0.006000804901123047,0.0012663277282326051,0.6000000000000001,5,150,0.5,"{'learning_rate': 0.6000000000000001, 'max_depth': 5, 'n_estimators': 150, 'subsample': 0.5}",0.32421875,0.03515625,0.25,0.34375,0.01568627450980392,0.19376225490196078,0.14109913135817653,133,0.71875,GBM,0,
115,2.480800151824951,0.13377722145290039,0.005399942398071289,0.000489785115543546,0.6000000000000001,5,150,0.75,"{'learning_rate': 0.6000000000000001, 'max_depth': 5, 'n_estimators': 150, 'subsample': 0.75}",0.58203125,0.60546875,0.6796875,0.62890625,0.20784313725490197,0.5407873774509804,0.16958465956615995,108,0.71875,GBM,0,
116,3.011613368988037,0.15451527665205708,0.006791830062866211,0.0009830043756997077,0.6000000000000001,5,150,1.0,"{'learning_rate': 0.6000000000000001, 'max_depth': 5, 'n_estimators': 150, 'subsample': 1.0}",0.59765625,0.62890625,0.65625,0.64453125,0.6470588235294118,0.6348805147058824,0.020588543032101343,38,0.71875,GBM,0,
117,0.8461999416351318,0.04594897170992162,0.0028000831604003905,0.00040011447144533635,0.6000000000000001,7,50,0.5,"{'learning_rate': 0.6000000000000001, 'max_depth': 7, 'n_estimators': 50, 'subsample': 0.5}",0.13671875,0.5859375,0.5703125,0.55859375,0.5098039215686274,0.4722732843137255,0.1696984730441092,116,0.71875,GBM,0,
118,1.200599479675293,0.09923645565792155,0.0035996437072753906,0.0004897846513118331,0.6000000000000001,7,50,0.75,"{'learning_rate': 0.6000000000000001, 'max_depth': 7, 'n_estimators': 50, 'subsample': 0.75}",0.5859375,0.58984375,0.625,0.640625,0.6549019607843137,0.6192616421568627,0.027333001848972468,65,0.71875,GBM,0,
119,1.6449991703033446,0.07004911120649822,0.0035998344421386717,0.0004903296905844956,0.6000000000000001,7,50,1.0,"{'learning_rate': 0.6000000000000001, 'max_depth': 7, 'n_estimators': 50, 'subsample': 1.0}",0.6015625,0.63671875,0.671875,0.66015625,0.6784313725490196,0.649748774509804,0.027972398612423375,12,0.71875,GBM,0,
120,1.7540002822875977,0.1637406215511805,0.005599832534790039,0.0008004188963700193,0.6000000000000001,7,100,0.5,"{'learning_rate': 0.6000000000000001, 'max_depth': 7, 'n_estimators': 100, 'subsample': 0.5}",0.140625,0.4765625,0.078125,0.5,0.19215686274509805,0.2774938725490196,0.17601178144944205,128,0.71875,GBM,0,
121,2.222620630264282,0.14481045312489593,0.00578455924987793,0.0007544488886312456,0.6000000000000001,7,100,0.75,"{'learning_rate': 0.6000000000000001, 'max_depth': 7, 'n_estimators': 100, 'subsample': 0.75}",0.57421875,0.59765625,0.62890625,0.6328125,0.6274509803921569,0.6122089460784313,0.02276252166917302,76,0.71875,GBM,0,
122,3.220000696182251,0.0483309371560453,0.007199478149414062,0.0007491079187109924,0.6000000000000001,7,100,1.0,"{'learning_rate': 0.6000000000000001, 'max_depth': 7, 'n_estimators': 100, 'subsample': 1.0}",0.59765625,0.6328125,0.6796875,0.65234375,0.6745098039215687,0.6474019607843138,0.02996364660740586,17,0.71875,GBM,0,
123,2.721808671951294,0.1630441215637948,0.0073928356170654295,0.0007953670585138969,0.6000000000000001,7,150,0.5,"{'learning_rate': 0.6000000000000001, 'max_depth': 7, 'n_estimators': 150, 'subsample': 0.5}",0.140625,0.3359375,0.05078125,0.13671875,0.19215686274509805,0.1712438725490196,0.09402349382626567,134,0.71875,GBM,0,
124,3.2243988513946533,0.17743790394712733,0.00840616226196289,0.00048497768625909213,0.6000000000000001,7,150,0.75,"{'learning_rate': 0.6000000000000001, 'max_depth': 7, 'n_estimators': 150, 'subsample': 0.75}",0.58203125,0.62109375,0.625,0.65234375,0.6470588235294118,0.6255055147058823,0.0248779697708632,56,0.71875,GBM,0,
125,4.510200881958008,0.1761916177684436,0.009999704360961915,0.0006331648121584884,0.6000000000000001,7,150,1.0,"{'learning_rate': 0.6000000000000001, 'max_depth': 7, 'n_estimators': 150, 'subsample': 1.0}",0.6171875,0.62890625,0.6875,0.6640625,0.6549019607843137,0.6505116421568627,0.02509314919498967,10,0.71875,GBM,0,
126,1.0876064777374268,0.036769138239025244,0.003599739074707031,0.000489376528177553,0.6000000000000001,9,50,0.5,"{'learning_rate': 0.6000000000000001, 'max_depth': 9, 'n_estimators': 50, 'subsample': 0.5}",0.55078125,0.52734375,0.39453125,0.51953125,0.5176470588235295,0.5019669117647059,0.05499748711426808,113,0.71875,GBM,0,
127,1.8036002159118651,0.17675006455687958,0.0052010536193847655,0.00039867289156725045,0.6000000000000001,9,50,0.75,"{'learning_rate': 0.6000000000000001, 'max_depth': 9, 'n_estimators': 50, 'subsample': 0.75}",0.61328125,0.60546875,0.65625,0.65625,0.615686274509804,0.6293872549019608,0.022192022362812418,52,0.71875,GBM,0,
128,2.567199182510376,0.07679870541721097,0.005199909210205078,0.00039982819884172934,0.6000000000000001,9,50,1.0,"{'learning_rate': 0.6000000000000001, 'max_depth': 9, 'n_estimators': 50, 'subsample': 1.0}",0.6171875,0.61328125,0.6875,0.66015625,0.6784313725490196,0.651311274509804,0.030770349080554288,9,0.71875,GBM,0,
129,2.189200687408447,0.1517089209576746,0.006612539291381836,0.0004871239908789389,0.6000000000000001,9,100,0.5,"{'learning_rate': 0.6000000000000001, 'max_depth': 9, 'n_estimators': 100, 'subsample': 0.5}",0.0625,0.296875,0.34375,0.09375,0.5490196078431373,0.26917892156862744,0.17783712286077155,130,0.71875,GBM,0,
130,3.288627195358276,0.25651915915351026,0.008603858947753906,0.0004815715692840388,0.6000000000000001,9,100,0.75,"{'learning_rate': 0.6000000000000001, 'max_depth': 9, 'n_estimators': 100, 'subsample': 0.75}",0.6015625,0.61328125,0.671875,0.6484375,0.6509803921568628,0.6372273284313725,0.025925549224051624,35,0.71875,GBM,0,
131,4.887426280975342,0.10363636544999054,0.009608030319213867,0.0004968674763965403,0.6000000000000001,9,100,1.0,"{'learning_rate': 0.6000000000000001, 'max_depth': 9, 'n_estimators': 100, 'subsample': 1.0}",0.625,0.609375,0.67578125,0.6796875,0.6784313725490196,0.653655024509804,0.03020913125860229,6,0.71875,GBM,0,
132,3.3294188499450685,0.2397170197580395,0.009794330596923828,0.00097076744562017,0.6000000000000001,9,150,0.5,"{'learning_rate': 0.6000000000000001, 'max_depth': 9, 'n_estimators': 150, 'subsample': 0.5}",0.0625,0.2890625,0.34765625,0.09375,0.5372549019607843,0.2660447303921568,0.17427630154672624,131,0.71875,GBM,0,
133,4.591198348999024,0.47591388297945897,0.011020660400390625,0.0010887242336321435,0.6000000000000001,9,150,0.75,"{'learning_rate': 0.6000000000000001, 'max_depth': 9, 'n_estimators': 150, 'subsample': 0.75}",0.609375,0.62109375,0.65234375,0.64453125,0.6235294117647059,0.6301746323529411,0.015854515662767864,48,0.71875,GBM,0,
134,7.052225971221924,0.20136469552942257,0.014192867279052734,0.000989493936032499,0.6000000000000001,9,150,1.0,"{'learning_rate': 0.6000000000000001, 'max_depth': 9, 'n_estimators': 150, 'subsample': 1.0}",0.62890625,0.625,0.671875,0.6796875,0.6705882352941176,0.6552113970588235,0.023314766592504747,4,0.71875,GBM,0,
0,0.09579534530639648,0.011181655104006477,0.010199356079101562,0.0015998138391643245,0.2,,50,,"{'base_estimator': DecisionTreeClassifier(max_depth=1), 'learning_rate': 0.2, 'n_estimators': 50}",0.515625,0.3984375,0.51171875,0.5859375,0.6078431372549019,0.5239123774509804,0.07328410238960607,37,0.68125,AdaBoost,0,DecisionTreeClassifier(max_depth=1)
1,0.20400032997131348,0.024067191878798057,0.017998933792114258,0.003031893546842217,0.2,,100,,"{'base_estimator': DecisionTreeClassifier(max_depth=1), 'learning_rate': 0.2, 'n_estimators': 100}",0.4609375,0.33984375,0.453125,0.34375,0.3568627450980392,0.39090379901960787,0.05434261650750873,40,0.68125,AdaBoost,0,DecisionTreeClassifier(max_depth=1)
2,0.30921711921691897,0.024126363771476,0.028983306884765626,0.001261186791735504,0.2,,150,,"{'base_estimator': DecisionTreeClassifier(max_depth=1), 'learning_rate': 0.2, 'n_estimators': 150}",0.453125,0.3515625,0.41796875,0.31640625,0.3176470588235294,0.3713419117647059,0.055054200313474196,43,0.68125,AdaBoost,0,DecisionTreeClassifier(max_depth=1)
3,0.08439931869506836,0.013749816757543517,0.007600116729736328,0.0016251478191605946,0.4,,50,,"{'base_estimator': DecisionTreeClassifier(max_depth=1), 'learning_rate': 0.4, 'n_estimators': 50}",0.45703125,0.3515625,0.515625,0.546875,0.3137254901960784,0.4369638480392156,0.09072135566159527,38,0.68125,AdaBoost,0,DecisionTreeClassifier(max_depth=1)
4,0.19279885292053223,0.0345571328882887,0.01680164337158203,0.0026994408670407356,0.4,,100,,"{'base_estimator': DecisionTreeClassifier(max_depth=1), 'learning_rate': 0.4, 'n_estimators': 100}",0.390625,0.3515625,0.43359375,0.359375,0.2901960784313726,0.36507046568627455,0.04726426144624108,44,0.68125,AdaBoost,0,DecisionTreeClassifier(max_depth=1)
5,0.2933937072753906,0.023096417393181988,0.025604772567749023,0.004308272667582014,0.4,,150,,"{'base_estimator': DecisionTreeClassifier(max_depth=1), 'learning_rate': 0.4, 'n_estimators': 150}",0.2421875,0.32421875,0.3125,0.30859375,0.30980392156862746,0.29946078431372547,0.029167100154856587,45,0.68125,AdaBoost,0,DecisionTreeClassifier(max_depth=1)
6,0.10619931221008301,0.004117532484136035,0.008600282669067382,0.001354738351912786,0.6000000000000001,,50,,"{'base_estimator': DecisionTreeClassifier(max_depth=1), 'learning_rate': 0.6000000000000001, 'n_estimators': 50}",0.48828125,0.37109375,0.29296875,0.4375,0.5058823529411764,0.4191452205882353,0.07857412318910904,39,0.68125,AdaBoost,0,DecisionTreeClassifier(max_depth=1)
7,0.20039992332458495,0.013544231217933508,0.015799617767333983,0.002785684590631212,0.6000000000000001,,100,,"{'base_estimator': DecisionTreeClassifier(max_depth=1), 'learning_rate': 0.6000000000000001, 'n_estimators': 100}",0.46484375,0.37109375,0.28515625,0.390625,0.41568627450980394,0.3854810049019608,0.059176539028402114,41,0.68125,AdaBoost,0,DecisionTreeClassifier(max_depth=1)
8,0.2720005989074707,0.009301993591787978,0.026393699645996093,0.004402695254886019,0.6000000000000001,,150,,"{'base_estimator': DecisionTreeClassifier(max_depth=1), 'learning_rate': 0.6000000000000001, 'n_estimators': 150}",0.4765625,0.3671875,0.26953125,0.359375,0.39215686274509803,0.3729626225490196,0.0663586886834389,42,0.68125,AdaBoost,0,DecisionTreeClassifier(max_depth=1)
9,0.14880456924438476,0.009180826534927931,0.009395313262939454,0.001198438439234563,0.2,,50,,"{'base_estimator': DecisionTreeClassifier(max_depth=3), 'learning_rate': 0.2, 'n_estimators': 50}",0.51953125,0.51171875,0.53515625,0.57421875,0.5607843137254902,0.540281862745098,0.02385277366577828,34,0.68125,AdaBoost,0,DecisionTreeClassifier(max_depth=3)
10,0.2946040153503418,0.017954949076367816,0.01780705451965332,0.0027906982958660954,0.2,,100,,"{'base_estimator': DecisionTreeClassifier(max_depth=3), 'learning_rate': 0.2, 'n_estimators': 100}",0.4921875,0.5625,0.546875,0.59765625,0.615686274509804,0.5629810049019608,0.04301528370931934,29,0.68125,AdaBoost,0,DecisionTreeClassifier(max_depth=3)
11,0.4734045028686523,0.020958021527445362,0.025594234466552734,0.003262371621170394,0.2,,150,,"{'base_estimator': DecisionTreeClassifier(max_depth=3), 'learning_rate': 0.2, 'n_estimators': 150}",0.515625,0.5625,0.5234375,0.59765625,0.5333333333333333,0.5465104166666667,0.030104707319251217,33,0.68125,AdaBoost,0,DecisionTreeClassifier(max_depth=3)
12,0.1465998649597168,0.011859902397883008,0.009399795532226562,0.0010194967636586734,0.4,,50,,"{'base_estimator': DecisionTreeClassifier(max_depth=3), 'learning_rate': 0.4, 'n_estimators': 50}",0.515625,0.546875,0.53515625,0.515625,0.5372549019607843,0.5301072303921568,0.01246763730414132,36,0.68125,AdaBoost,0,DecisionTreeClassifier(max_depth=3)
13,0.3079998970031738,0.017343572473523382,0.020199012756347657,0.0013270574928740439,0.4,,100,,"{'base_estimator': DecisionTreeClassifier(max_depth=3), 'learning_rate': 0.4, 'n_estimators': 100}",0.45703125,0.54296875,0.5625,0.578125,0.6039215686274509,0.5489093137254902,0.05008289160706055,32,0.68125,AdaBoost,0,DecisionTreeClassifier(max_depth=3)
14,0.4442009449005127,0.034563078219495426,0.026198911666870116,0.003968513164031167,0.4,,150,,"{'base_estimator': DecisionTreeClassifier(max_depth=3), 'learning_rate': 0.4, 'n_estimators': 150}",0.50390625,0.53515625,0.58203125,0.609375,0.596078431372549,0.5653094362745098,0.039617395036084406,28,0.68125,AdaBoost,0,DecisionTreeClassifier(max_depth=3)
15,0.14919910430908204,0.008748871052648512,0.009000349044799804,0.002098034746514014,0.6000000000000001,,50,,"{'base_estimator': DecisionTreeClassifier(max_depth=3), 'learning_rate': 0.6000000000000001, 'n_estimators': 50}",0.53125,0.50390625,0.5546875,0.55078125,0.5411764705882353,0.5363602941176471,0.018146217707113565,35,0.68125,AdaBoost,0,DecisionTreeClassifier(max_depth=3)
16,0.2956064224243164,0.025137124615896535,0.015411186218261718,0.002327748211897465,0.6000000000000001,,100,,"{'base_estimator': DecisionTreeClassifier(max_depth=3), 'learning_rate': 0.6000000000000001, 'n_estimators': 100}",0.546875,0.55078125,0.5703125,0.55859375,0.5843137254901961,0.5621752450980393,0.013660709812487005,30,0.68125,AdaBoost,0,DecisionTreeClassifier(max_depth=3)
17,0.4448056697845459,0.025755209288179474,0.02499527931213379,0.003156199566891334,0.6000000000000001,,150,,"{'base_estimator': DecisionTreeClassifier(max_depth=3), 'learning_rate': 0.6000000000000001, 'n_estimators': 150}",0.484375,0.546875,0.578125,0.60546875,0.5490196078431373,0.5527726715686274,0.04036515014763692,31,0.68125,AdaBoost,0,DecisionTreeClassifier(max_depth=3)
18,0.2074057102203369,0.00656053233988987,0.009000825881958007,0.0016736273288570022,0.2,,50,,"{'base_estimator': DecisionTreeClassifier(max_depth=5), 'learning_rate': 0.2, 'n_estimators': 50}",0.5703125,0.625,0.59375,0.66796875,0.5843137254901961,0.6082689950980392,0.03484060545154874,25,0.68125,AdaBoost,0,DecisionTreeClassifier(max_depth=5)
19,0.4076101303100586,0.016596425806739385,0.020594167709350585,0.0014833625597075776,0.2,,100,,"{'base_estimator': DecisionTreeClassifier(max_depth=5), 'learning_rate': 0.2, 'n_estimators': 100}",0.5703125,0.65234375,0.62890625,0.67578125,0.6509803921568628,0.6356648284313725,0.035885053741659116,19,0.68125,AdaBoost,0,DecisionTreeClassifier(max_depth=5)
20,0.6188014030456543,0.012406315494302185,0.027193117141723632,0.0037647627896853133,0.2,,150,,"{'base_estimator': DecisionTreeClassifier(max_depth=5), 'learning_rate': 0.2, 'n_estimators': 150}",0.57421875,0.62890625,0.61328125,0.671875,0.6431372549019608,0.6262837009803921,0.03240157231225332,20,0.68125,AdaBoost,0,DecisionTreeClassifier(max_depth=5)
21,0.19539928436279297,0.021189687861423563,0.01080007553100586,0.0022268076748561817,0.4,,50,,"{'base_estimator': DecisionTreeClassifier(max_depth=5), 'learning_rate': 0.4, 'n_estimators': 50}",0.5390625,0.6171875,0.6171875,0.578125,0.6039215686274509,0.5910968137254902,0.02967072602770855,27,0.68125,AdaBoost,0,DecisionTreeClassifier(max_depth=5)
22,0.4318064212799072,0.023365194432235902,0.017999982833862303,0.003034471270284303,0.4,,100,,"{'base_estimator': DecisionTreeClassifier(max_depth=5), 'learning_rate': 0.4, 'n_estimators': 100}",0.56640625,0.61328125,0.6015625,0.6328125,0.6588235294117647,0.6145772058823529,0.030924961306036326,23,0.68125,AdaBoost,0,DecisionTreeClassifier(max_depth=5)
23,0.6155946731567383,0.049437641445024674,0.029812145233154296,0.0024049947703341516,0.4,,150,,"{'base_estimator': DecisionTreeClassifier(max_depth=5), 'learning_rate': 0.4, 'n_estimators': 150}",0.58203125,0.59375,0.61328125,0.6328125,0.6313725490196078,0.6106495098039215,0.02016019231576717,24,0.68125,AdaBoost,0,DecisionTreeClassifier(max_depth=5)
24,0.19079952239990233,0.020979965388310977,0.008400583267211914,0.0017430778867877487,0.6000000000000001,,50,,"{'base_estimator': DecisionTreeClassifier(max_depth=5), 'learning_rate': 0.6000000000000001, 'n_estimators': 50}",0.5703125,0.6328125,0.57421875,0.63671875,0.6196078431372549,0.6067340686274509,0.02873560988294523,26,0.68125,AdaBoost,0,DecisionTreeClassifier(max_depth=5)
25,0.39361019134521485,0.04432409417547527,0.016996097564697266,0.0034041704404168807,0.6000000000000001,,100,,"{'base_estimator': DecisionTreeClassifier(max_depth=5), 'learning_rate': 0.6000000000000001, 'n_estimators': 100}",0.57421875,0.65234375,0.6171875,0.625,0.6274509803921569,0.6192401960784314,0.025407013876814218,22,0.68125,AdaBoost,0,DecisionTreeClassifier(max_depth=5)
26,0.6126007080078125,0.034330839221638675,0.026605224609375,0.0036117107365835344,0.6000000000000001,,150,,"{'base_estimator': DecisionTreeClassifier(max_depth=5), 'learning_rate': 0.6000000000000001, 'n_estimators': 150}",0.58203125,0.61328125,0.62890625,0.64453125,0.6431372549019608,0.6223774509803921,0.023129817519070364,21,0.68125,AdaBoost,0,DecisionTreeClassifier(max_depth=5)
27,0.26420016288757325,0.01821411193433291,0.009801340103149415,0.001469899204590174,0.2,,50,,"{'base_estimator': DecisionTreeClassifier(max_depth=7), 'learning_rate': 0.2, 'n_estimators': 50}",0.61328125,0.640625,0.62109375,0.671875,0.6823529411764706,0.6458455882352941,0.027242104389490672,13,0.68125,AdaBoost,0,DecisionTreeClassifier(max_depth=7)
28,0.5363917827606202,0.044537417552027565,0.020005559921264647,0.0021022423879509503,0.2,,100,,"{'base_estimator': DecisionTreeClassifier(max_depth=7), 'learning_rate': 0.2, 'n_estimators': 100}",0.62890625,0.62890625,0.62890625,0.66015625,0.6666666666666666,0.6427083333333333,0.01702894033778313,16,0.68125,AdaBoost,0,DecisionTreeClassifier(max_depth=7)
29,0.8160048961639405,0.03727013993391649,0.03119969367980957,0.0022273689531546064,0.2,,150,,"{'base_estimator': DecisionTreeClassifier(max_depth=7), 'learning_rate': 0.2, 'n_estimators': 150}",0.63671875,0.63671875,0.64453125,0.6796875,0.6627450980392157,0.6520802696078432,0.016762088185904165,4,0.68125,AdaBoost,0,DecisionTreeClassifier(max_depth=7)
30,0.25701117515563965,0.010289106823668381,0.011605978012084961,0.0004938821386279989,0.4,,50,,"{'base_estimator': DecisionTreeClassifier(max_depth=7), 'learning_rate': 0.4, 'n_estimators': 50}",0.58984375,0.6328125,0.6640625,0.6328125,0.6784313725490196,0.639592524509804,0.03057487153673254,18,0.68125,AdaBoost,0,DecisionTreeClassifier(max_depth=7)
31,0.5184101104736328,0.02208442125124663,0.018788623809814452,0.0029203646849029615,0.4,,100,,"{'base_estimator': DecisionTreeClassifier(max_depth=7), 'learning_rate': 0.4, 'n_estimators': 100}",0.59765625,0.65625,0.6796875,0.66015625,0.6941176470588235,0.6575735294117647,0.03293327429098903,1,0.68125,AdaBoost,0,DecisionTreeClassifier(max_depth=7)
32,0.7948054790496826,0.03858150807932202,0.028994989395141602,0.003944219349121249,0.4,,150,,"{'base_estimator': DecisionTreeClassifier(max_depth=7), 'learning_rate': 0.4, 'n_estimators': 150}",0.58203125,0.625,0.6796875,0.65234375,0.6980392156862745,0.6474203431372549,0.0410026459950571,9,0.68125,AdaBoost,0,DecisionTreeClassifier(max_depth=7)
33,0.2560121059417725,0.014446331506205666,0.009387874603271484,0.0016381648554326298,0.6000000000000001,,50,,"{'base_estimator': DecisionTreeClassifier(max_depth=7), 'learning_rate': 0.6000000000000001, 'n_estimators': 50}",0.6171875,0.66796875,0.6328125,0.68359375,0.6352941176470588,0.6473713235294117,0.024516115532312317,11,0.68125,AdaBoost,0,DecisionTreeClassifier(max_depth=7)
34,0.5264044284820557,0.011227820265896894,0.018599987030029297,0.0029275088386449127,0.6000000000000001,,100,,"{'base_estimator': DecisionTreeClassifier(max_depth=7), 'learning_rate': 0.6000000000000001, 'n_estimators': 100}",0.6171875,0.640625,0.65234375,0.69140625,0.6509803921568628,0.6505085784313726,0.024017449460972957,6,0.68125,AdaBoost,0,DecisionTreeClassifier(max_depth=7)
35,0.8002013206481934,0.01586710168031561,0.03199315071105957,0.0010936870364576577,0.6000000000000001,,150,,"{'base_estimator': DecisionTreeClassifier(max_depth=7), 'learning_rate': 0.6000000000000001, 'n_estimators': 150}",0.63671875,0.640625,0.65234375,0.67578125,0.6627450980392157,0.6536427696078431,0.014356440465084587,3,0.68125,AdaBoost,0,DecisionTreeClassifier(max_depth=7)
36,0.30820655822753906,0.012290131810089856,0.011197996139526368,0.0007467958995841604,0.2,,50,,"{'base_estimator': DecisionTreeClassifier(max_depth=9), 'learning_rate': 0.2, 'n_estimators': 50}",0.6171875,0.6015625,0.640625,0.65234375,0.7137254901960784,0.6450888480392157,0.03861755140964639,14,0.68125,AdaBoost,0,DecisionTreeClassifier(max_depth=9)
37,0.6170055389404296,0.04908871813990865,0.020606470108032227,0.0025825471099741003,0.2,,100,,"{'base_estimator': DecisionTreeClassifier(max_depth=9), 'learning_rate': 0.2, 'n_estimators': 100}",0.62109375,0.60546875,0.6640625,0.65234375,0.6980392156862745,0.6482015931372549,0.032598912538519,7,0.68125,AdaBoost,0,DecisionTreeClassifier(max_depth=9)
38,1.1793998718261718,0.047578739261017786,0.03700032234191895,0.0020975565985663323,0.2,,150,,"{'base_estimator': DecisionTreeClassifier(max_depth=9), 'learning_rate': 0.2, 'n_estimators': 150}",0.6328125,0.61328125,0.640625,0.65234375,0.6941176470588235,0.6466360294117648,0.02693267843453138,12,0.68125,AdaBoost,0,DecisionTreeClassifier(max_depth=9)
39,0.3379988193511963,0.02359694066095142,0.009999990463256836,0.001415763691071942,0.4,,50,,"{'base_estimator': DecisionTreeClassifier(max_depth=9), 'learning_rate': 0.4, 'n_estimators': 50}",0.62890625,0.6015625,0.6640625,0.6640625,0.6784313725490196,0.647405024509804,0.028147180902747815,10,0.68125,AdaBoost,0,DecisionTreeClassifier(max_depth=9)
40,0.6378005027770997,0.007704839865358549,0.01979999542236328,0.002482196982090861,0.4,,100,,"{'base_estimator': DecisionTreeClassifier(max_depth=9), 'learning_rate': 0.4, 'n_estimators': 100}",0.62109375,0.62890625,0.65625,0.66796875,0.6823529411764706,0.6513143382352942,0.023153969130461787,5,0.68125,AdaBoost,0,DecisionTreeClassifier(max_depth=9)
41,0.9829997062683106,0.023245769980271325,0.02939887046813965,0.0032623755812846594,0.4,,150,,"{'base_estimator': DecisionTreeClassifier(max_depth=9), 'learning_rate': 0.4, 'n_estimators': 150}",0.65234375,0.62109375,0.6640625,0.65625,0.6941176470588235,0.6575735294117647,0.023398529452201024,1,0.68125,AdaBoost,0,DecisionTreeClassifier(max_depth=9)
42,0.299999475479126,0.02767614968970783,0.009800958633422851,0.0007476404207210831,0.6000000000000001,,50,,"{'base_estimator': DecisionTreeClassifier(max_depth=9), 'learning_rate': 0.6000000000000001, 'n_estimators': 50}",0.6171875,0.625,0.625,0.65625,0.6823529411764706,0.6411580882352942,0.02458267048448539,17,0.68125,AdaBoost,0,DecisionTreeClassifier(max_depth=9)
43,0.6907997131347656,0.030916002347365783,0.024399852752685545,0.004757740007571014,0.6000000000000001,,100,,"{'base_estimator': DecisionTreeClassifier(max_depth=9), 'learning_rate': 0.6000000000000001, 'n_estimators': 100}",0.64453125,0.62890625,0.62109375,0.66015625,0.6627450980392157,0.6434865196078431,0.016515959606902404,15,0.68125,AdaBoost,0,DecisionTreeClassifier(max_depth=9)
44,1.1197994232177735,0.026301554744637305,0.03419995307922363,0.006046220300614076,0.6000000000000001,,150,,"{'base_estimator': DecisionTreeClassifier(max_depth=9), 'learning_rate': 0.6000000000000001, 'n_estimators': 150}",0.63671875,0.63671875,0.63671875,0.66796875,0.6627450980392157,0.6481740196078432,0.01412669305475639,8,0.68125,AdaBoost,0,DecisionTreeClassifier(max_depth=9)
0,0.4641984462738037,0.03158183502613723,0.0021999835968017577,0.0009802311387711584,0.2,1,50,,"{'learning_rate': 0.2, 'max_depth': 1, 'n_estimators': 50}",0.56640625,0.5859375,0.58203125,0.59375,0.615686274509804,0.5887622549019608,0.0161422244776202,22,0.696875,Light GBM,0,
1,0.43579998016357424,0.016833191849729617,0.004000997543334961,0.0006327872462073258,0.2,1,100,,"{'learning_rate': 0.2, 'max_depth': 1, 'n_estimators': 100}",0.55859375,0.5859375,0.58203125,0.609375,0.6078431372549019,0.5887561274509804,0.018721054988334634,23,0.696875,Light GBM,0,
2,0.559398889541626,0.03877436826275433,0.006200170516967774,0.0009796963036053947,0.2,1,150,,"{'learning_rate': 0.2, 'max_depth': 1, 'n_estimators': 150}",0.5546875,0.578125,0.59765625,0.62109375,0.615686274509804,0.5934497549019608,0.0245507979021049,20,0.696875,Light GBM,0,
3,0.793199110031128,0.09654539890263673,0.0050007343292236325,0.0015489887460051483,0.2,3,50,,"{'learning_rate': 0.2, 'max_depth': 3, 'n_estimators': 50}",0.58203125,0.6328125,0.625,0.640625,0.6470588235294118,0.6255055147058823,0.022964334206438102,15,0.696875,Light GBM,0,
4,1.4877997398376466,0.05530037146857853,0.008199977874755859,0.00039992737543454446,0.2,3,100,,"{'learning_rate': 0.2, 'max_depth': 3, 'n_estimators': 100}",0.63671875,0.62890625,0.65625,0.67578125,0.6627450980392157,0.6520802696078432,0.017122343052340352,7,0.696875,Light GBM,0,
5,2.1185998916625977,0.04492957798733096,0.01180124282836914,0.001325720192198123,0.2,3,150,,"{'learning_rate': 0.2, 'max_depth': 3, 'n_estimators': 150}",0.62890625,0.6484375,0.66015625,0.66796875,0.6627450980392157,0.6536427696078431,0.013924810647815582,6,0.696875,Light GBM,0,
6,1.7391995429992675,0.07060437888324378,0.006200170516967774,0.0003995425519881385,0.2,5,50,,"{'learning_rate': 0.2, 'max_depth': 5, 'n_estimators': 50}",0.61328125,0.65234375,0.66015625,0.68359375,0.6745098039215687,0.6567769607843138,0.02431684074736318,2,0.696875,Light GBM,0,
7,3.1293986797332765,0.08493692300729987,0.011800050735473633,0.0007481370932845092,0.2,5,100,,"{'learning_rate': 0.2, 'max_depth': 5, 'n_estimators': 100}",0.62109375,0.671875,0.66796875,0.65234375,0.6666666666666666,0.6559895833333333,0.01865935845590922,4,0.696875,Light GBM,0,
8,4.350399589538574,0.07298237309670243,0.015599584579467774,0.001624015312979953,0.2,5,150,,"{'learning_rate': 0.2, 'max_depth': 5, 'n_estimators': 150}",0.5859375,0.640625,0.66796875,0.6484375,0.6784313725490196,0.6442800245098039,0.032130870704173045,11,0.696875,Light GBM,0,
9,2.6513994216918944,0.11684256057571629,0.007800245285034179,0.0004000196156779289,0.2,7,50,,"{'learning_rate': 0.2, 'max_depth': 7, 'n_estimators': 50}",0.625,0.64453125,0.68359375,0.6640625,0.6666666666666666,0.6567708333333333,0.020148240764463227,3,0.696875,Light GBM,0,
10,4.672199296951294,0.07088460591611721,0.012799596786499024,0.0007489909792554642,0.2,7,100,,"{'learning_rate': 0.2, 'max_depth': 7, 'n_estimators': 100}",0.62109375,0.62109375,0.6640625,0.65625,0.6862745098039216,0.6497549019607843,0.025390938071074357,8,0.696875,Light GBM,0,
11,6.2519982814788815,0.10719768273166275,0.01960124969482422,0.0016253767593921934,0.2,7,150,,"{'learning_rate': 0.2, 'max_depth': 7, 'n_estimators': 150}",0.6328125,0.65234375,0.68359375,0.66015625,0.6745098039215687,0.6606832107843138,0.01767862154355286,1,0.696875,Light GBM,0,
12,3.273198890686035,0.10100003905003456,0.007200384140014648,0.00039975647068324946,0.2,9,50,,"{'learning_rate': 0.2, 'max_depth': 9, 'n_estimators': 50}",0.6015625,0.6328125,0.65234375,0.66796875,0.6705882352941176,0.6450551470588235,0.025579633627562534,10,0.696875,Light GBM,0,
13,5.635200119018554,0.04778070622569633,0.013999509811401366,0.001672885345424778,0.2,9,100,,"{'learning_rate': 0.2, 'max_depth': 9, 'n_estimators': 100}",0.6171875,0.6484375,0.65625,0.6796875,0.6666666666666666,0.6536458333333333,0.021027738789777442,5,0.696875,Light GBM,0,
14,7.220599031448364,0.07656247534195386,0.018401193618774413,0.0010195339502359869,0.2,9,150,,"{'learning_rate': 0.2, 'max_depth': 9, 'n_estimators': 150}",0.609375,0.6640625,0.6484375,0.6640625,0.6509803921568628,0.6473835784313725,0.02007522205808615,9,0.696875,Light GBM,0,
15,0.2931997776031494,0.018181058263608708,0.00240020751953125,0.0004885792149062876,0.4,1,50,,"{'learning_rate': 0.4, 'max_depth': 1, 'n_estimators': 50}",0.5546875,0.5859375,0.578125,0.609375,0.5764705882352941,0.5809191176470587,0.017610313305896463,27,0.696875,Light GBM,0,
16,0.3525994300842285,0.052293195473108,0.0038003444671630858,0.00040040250418394536,0.4,1,100,,"{'learning_rate': 0.4, 'max_depth': 1, 'n_estimators': 100}",0.53515625,0.58984375,0.578125,0.60546875,0.6039215686274509,0.5825030637254902,0.025694158811745606,26,0.696875,Light GBM,0,
17,0.5111993789672852,0.016653838345812334,0.0046002864837646484,0.00119960334966043,0.4,1,150,,"{'learning_rate': 0.4, 'max_depth': 1, 'n_estimators': 150}",0.51953125,0.59375,0.59375,0.62109375,0.6,0.5856250000000001,0.03454008653904908,24,0.696875,Light GBM,0,
18,0.737999153137207,0.017977575032240952,0.0060001850128173825,0.00253022313751937,0.4,3,50,,"{'learning_rate': 0.4, 'max_depth': 3, 'n_estimators': 50}",0.625,0.546875,0.67578125,0.65625,0.6588235294117647,0.632545955882353,0.045865318853222696,14,0.696875,Light GBM,0,
19,1.3874000549316405,0.03956125075551659,0.008199977874755859,0.0011667848982241334,0.4,3,100,,"{'learning_rate': 0.4, 'max_depth': 3, 'n_estimators': 100}",0.63671875,0.515625,0.67578125,0.6640625,0.6901960784313725,0.6364767156862745,0.06292342586427853,13,0.696875,Light GBM,0,
20,1.954598617553711,0.06137956030402471,0.010000991821289062,0.0012647817079882353,0.4,3,150,,"{'learning_rate': 0.4, 'max_depth': 3, 'n_estimators': 150}",0.6171875,0.38671875,0.66796875,0.671875,0.6745098039215687,0.6036519607843138,0.11050347972073529,17,0.696875,Light GBM,0,
21,1.603598165512085,0.0650044708772891,0.006400775909423828,0.0012002155653684527,0.4,5,50,,"{'learning_rate': 0.4, 'max_depth': 5, 'n_estimators': 50}",0.6015625,0.57421875,0.68359375,0.6796875,0.6470588235294118,0.6372242647058823,0.04310784246660769,12,0.696875,Light GBM,0,
22,2.6927984714508058,0.06717226190355018,0.011400604248046875,0.0025771326462763664,0.4,5,100,,"{'learning_rate': 0.4, 'max_depth': 5, 'n_estimators': 100}",0.58984375,0.41796875,0.6796875,0.6640625,0.6509803921568628,0.6005085784313725,0.09621884854589378,18,0.696875,Light GBM,0,
23,3.3648000240325926,0.7067489610173714,0.011999940872192383,0.0028278176872104815,0.4,5,150,,"{'learning_rate': 0.4, 'max_depth': 5, 'n_estimators': 150}",0.58203125,0.3984375,0.671875,0.65625,0.6431372549019608,0.5903462009803921,0.10067297461656166,21,0.696875,Light GBM,0,
24,2.172798919677734,0.26980087218036897,0.007600164413452149,0.004317292521947692,0.4,7,50,,"{'learning_rate': 0.4, 'max_depth': 7, 'n_estimators': 50}",0.59765625,0.41796875,0.66796875,0.6328125,0.4666666666666667,0.5566145833333334,0.09716335333294533,31,0.696875,Light GBM,0,
25,3.354400157928467,0.6127560288166322,0.01139969825744629,0.005004489557223426,0.4,7,100,,"{'learning_rate': 0.4, 'max_depth': 7, 'n_estimators': 100}",0.62109375,0.40625,0.66015625,0.640625,0.47843137254901963,0.5613112745098039,0.10054652416484772,29,0.696875,Light GBM,0,
26,3.8718002319335936,0.9177983379341191,0.010599994659423828,0.0035552668998613205,0.4,7,150,,"{'learning_rate': 0.4, 'max_depth': 7, 'n_estimators': 150}",0.609375,0.42578125,0.66015625,0.640625,0.13333333333333333,0.49385416666666665,0.1985710535920399,34,0.696875,Light GBM,0,
27,2.629199504852295,0.40288358181536194,0.006399869918823242,0.0004899793579063824,0.4,9,50,,"{'learning_rate': 0.4, 'max_depth': 9, 'n_estimators': 50}",0.6015625,0.421875,0.6484375,0.66796875,0.6549019607843137,0.5989491421568627,0.09132973579398158,19,0.696875,Light GBM,0,
28,3.885799932479858,0.8317284055585269,0.010399627685546874,0.0024175944100722764,0.4,9,100,,"{'learning_rate': 0.4, 'max_depth': 9, 'n_estimators': 100}",0.57421875,0.48828125,0.67578125,0.64453125,0.6431372549019608,0.6051899509803922,0.06722756404308039,16,0.696875,Light GBM,0,
29,4.104399824142456,0.9237284831366817,0.01219935417175293,0.002925943182772691,0.4,9,150,,"{'learning_rate': 0.4, 'max_depth': 9, 'n_estimators': 150}",0.58203125,0.35546875,0.68359375,0.6484375,0.6549019607843137,0.5848866421568627,0.1194359008170711,25,0.696875,Light GBM,0,
30,0.298399829864502,0.01323036902668172,0.0024008750915527344,0.001355777315677478,0.6000000000000001,1,50,,"{'learning_rate': 0.6000000000000001, 'max_depth': 1, 'n_estimators': 50}",0.546875,0.59375,0.578125,0.59765625,0.4549019607843137,0.5542616421568628,0.0527992253870546,32,0.696875,Light GBM,0,
31,0.43759961128234864,0.014458265326956403,0.0036006927490234374,0.0008004192088451437,0.6000000000000001,1,100,,"{'learning_rate': 0.6000000000000001, 'max_depth': 1, 'n_estimators': 100}",0.5625,0.6015625,0.5703125,0.61328125,0.4588235294117647,0.5612959558823529,0.05460258484084709,30,0.696875,Light GBM,0,
32,0.5553997039794922,0.023921412830201473,0.005200338363647461,0.0007485321515798529,0.6000000000000001,1,150,,"{'learning_rate': 0.6000000000000001, 'max_depth': 1, 'n_estimators': 150}",0.5625,0.59765625,0.58203125,0.62890625,0.4588235294117647,0.565983455882353,0.05781930457710336,28,0.696875,Light GBM,0,
33,0.6463999271392822,0.029301894818259924,0.004000473022460938,0.0006321840685848485,0.6000000000000001,3,50,,"{'learning_rate': 0.6000000000000001, 'max_depth': 3, 'n_estimators': 50}",0.5,0.51171875,0.65234375,0.46875,0.4588235294117647,0.5183272058823529,0.06976901764889348,33,0.696875,Light GBM,0,
34,1.0687983989715577,0.12670467675978622,0.005599880218505859,0.0014967585381008258,0.6000000000000001,3,100,,"{'learning_rate': 0.6000000000000001, 'max_depth': 3, 'n_estimators': 100}",0.46875,0.453125,0.64453125,0.41796875,0.4588235294117647,0.48863970588235295,0.0798028278271285,36,0.696875,Light GBM,0,
35,1.273397970199585,0.2841026525199273,0.006401586532592774,0.0020597827123244403,0.6000000000000001,3,150,,"{'learning_rate': 0.6000000000000001, 'max_depth': 3, 'n_estimators': 150}",0.4453125,0.4609375,0.6484375,0.4375,0.43137254901960786,0.4847120098039216,0.08245927088646755,37,0.696875,Light GBM,0,
36,1.065999174118042,0.24923514597702606,0.0036003589630126953,0.0013554256718405822,0.6000000000000001,5,50,,"{'learning_rate': 0.6000000000000001, 'max_depth': 5, 'n_estimators': 50}",0.30078125,0.484375,0.640625,0.3671875,0.4235294117647059,0.4432996323529411,0.11586189551902405,41,0.696875,Light GBM,0,
37,1.3805998802185058,0.4181645382157988,0.00540008544921875,0.002244895577495924,0.6000000000000001,5,100,,"{'learning_rate': 0.6000000000000001, 'max_depth': 5, 'n_estimators': 100}",0.32421875,0.46484375,0.65625,0.34375,0.4627450980392157,0.45036151960784315,0.11834793518056828,40,0.696875,Light GBM,0,
38,1.6461994171142578,0.6616317255290005,0.005000543594360351,0.002828121255248498,0.6000000000000001,5,150,,"{'learning_rate': 0.6000000000000001, 'max_depth': 5, 'n_estimators': 150}",0.42578125,0.265625,0.65234375,0.32421875,0.3803921568627451,0.409672181372549,0.1327088478905346,45,0.696875,Light GBM,0,
39,1.3605995178222656,0.3210382519040333,0.005200099945068359,0.0019389068738334078,0.6000000000000001,7,50,,"{'learning_rate': 0.6000000000000001, 'max_depth': 7, 'n_estimators': 50}",0.2578125,0.48046875,0.6640625,0.4296875,0.45098039215686275,0.4566023284313726,0.12952431347860152,38,0.696875,Light GBM,0,
40,1.6467984199523926,0.6482379422831638,0.0074005603790283205,0.0028002364583516117,0.6000000000000001,7,100,,"{'learning_rate': 0.6000000000000001, 'max_depth': 7, 'n_estimators': 100}",0.39453125,0.359375,0.66796875,0.3984375,0.43529411764705883,0.4511213235294118,0.11105738730752267,39,0.696875,Light GBM,0,
41,1.8745992183685303,0.799547897088041,0.005200099945068359,0.002994032924377331,0.6000000000000001,7,150,,"{'learning_rate': 0.6000000000000001, 'max_depth': 7, 'n_estimators': 150}",0.41796875,0.21875,0.65625,0.421875,0.43137254901960786,0.42924325980392164,0.13858240307755665,43,0.696875,Light GBM,0,
42,1.5074001789093017,0.46270240036481647,0.004999303817749023,0.0015492965308311418,0.6000000000000001,9,50,,"{'learning_rate': 0.6000000000000001, 'max_depth': 9, 'n_estimators': 50}",0.42578125,0.171875,0.66796875,0.40234375,0.4588235294117647,0.425358455882353,0.15796416290156323,44,0.696875,Light GBM,0,
43,1.831399154663086,0.7058098759989354,0.006400012969970703,0.005817261460541934,0.6000000000000001,9,100,,"{'learning_rate': 0.6000000000000001, 'max_depth': 9, 'n_estimators': 100}",0.37109375,0.4140625,0.6484375,0.42578125,0.3568627450980392,0.44324754901960783,0.10576224253729194,42,0.696875,Light GBM,0,
44,1.6827992916107177,0.39591656902319,0.003999900817871094,0.0026081685943584003,0.6000000000000001,9,150,,"{'learning_rate': 0.6000000000000001, 'max_depth': 9, 'n_estimators': 150}",0.43359375,0.47265625,0.64453125,0.45703125,0.4470588235294118,0.4909742647058824,0.0778312470468546,35,0.696875,Light GBM,0,
0,0.9175851345062256,0.1378043917901586,0.002400827407836914,0.0004907016351542335,0.2,1,50,,"{'learning_rate': 0.2, 'max_depth': 1, 'n_estimators': 50}",0.58203125,0.5546875,0.5390625,0.5859375,0.6078431372549019,0.5739123774509804,0.02427313739923682,45,0.703125,Catboost,0,
1,0.8787997245788575,0.06157005649520209,0.002799367904663086,0.000401068144782081,0.2,1,100,,"{'learning_rate': 0.2, 'max_depth': 1, 'n_estimators': 100}",0.578125,0.5625,0.56640625,0.6171875,0.615686274509804,0.5879810049019608,0.023801234474186302,42,0.703125,Catboost,0,
2,1.0962007522583008,0.030733930509244133,0.0029996395111083984,1.1738332390872165e-06,0.2,1,150,,"{'learning_rate': 0.2, 'max_depth': 1, 'n_estimators': 150}",0.58984375,0.5546875,0.57421875,0.61328125,0.6235294117647059,0.5911121323529411,0.02512408718689061,40,0.703125,Catboost,0,
3,0.9183992862701416,0.0353309938765985,0.0020008087158203125,1.1182822608526778e-06,0.2,3,50,,"{'learning_rate': 0.2, 'max_depth': 3, 'n_estimators': 50}",0.61328125,0.61328125,0.57421875,0.60546875,0.592156862745098,0.5996813725490197,0.014888723692691992,34,0.703125,Catboost,0,
4,1.2887996673583983,0.044480540873899375,0.0024005413055419923,0.0005011551863341971,0.2,3,100,,"{'learning_rate': 0.2, 'max_depth': 3, 'n_estimators': 100}",0.61328125,0.61328125,0.58203125,0.62109375,0.6274509803921569,0.6114276960784314,0.015628183547268706,30,0.703125,Catboost,0,
5,1.4513993740081788,0.022330083892172226,0.0024003982543945312,0.0004899822117899371,0.2,3,150,,"{'learning_rate': 0.2, 'max_depth': 3, 'n_estimators': 150}",0.6015625,0.578125,0.60546875,0.640625,0.6392156862745098,0.612999387254902,0.023892277362272254,29,0.703125,Catboost,0,
6,0.9252007961273193,0.015816981247495514,0.002399158477783203,0.0004893372848760449,0.2,5,50,,"{'learning_rate': 0.2, 'max_depth': 5, 'n_estimators': 50}",0.58203125,0.625,0.5625,0.6328125,0.615686274509804,0.6036060049019608,0.026876863596947465,32,0.703125,Catboost,0,
7,1.2835999488830567,0.03275202558893138,0.0026005268096923827,0.0004891811633176433,0.2,5,100,,"{'learning_rate': 0.2, 'max_depth': 5, 'n_estimators': 100}",0.59765625,0.62890625,0.60546875,0.6484375,0.6235294117647059,0.6207996323529412,0.01793138463054648,25,0.703125,Catboost,0,
8,1.848599624633789,0.05620949370099387,0.0026000022888183595,0.0004900186240289064,0.2,5,150,,"{'learning_rate': 0.2, 'max_depth': 5, 'n_estimators': 150}",0.6171875,0.62890625,0.6171875,0.66796875,0.6235294117647059,0.6309558823529412,0.019018109973771867,18,0.703125,Catboost,0,
9,1.1760001182556152,0.02258349800252436,0.0022001743316650392,0.00039956678858342145,0.2,7,50,,"{'learning_rate': 0.2, 'max_depth': 7, 'n_estimators': 50}",0.58203125,0.58984375,0.6171875,0.66015625,0.6196078431372549,0.613765318627451,0.0274854779432938,28,0.703125,Catboost,0,
10,2.0059995651245117,0.038438544579606396,0.0026003837585449217,0.0004903303397863307,0.2,7,100,,"{'learning_rate': 0.2, 'max_depth': 7, 'n_estimators': 100}",0.62109375,0.61328125,0.6328125,0.66796875,0.6470588235294118,0.6364430147058824,0.01945155670451099,7,0.703125,Catboost,0,
11,2.7164000034332276,0.026560079426849972,0.002999734878540039,9.221591761500223e-07,0.2,7,150,,"{'learning_rate': 0.2, 'max_depth': 7, 'n_estimators': 150}",0.6015625,0.62109375,0.63671875,0.6640625,0.6470588235294118,0.6340992647058823,0.021449437324499446,10,0.703125,Catboost,0,
12,1.7064003467559814,0.031689546085206716,0.0023996829986572266,0.0004892980337801595,0.2,9,50,,"{'learning_rate': 0.2, 'max_depth': 9, 'n_estimators': 50}",0.6015625,0.62890625,0.6171875,0.66015625,0.6313725490196078,0.6278370098039215,0.019297349680692265,20,0.703125,Catboost,0,
13,3.2669992446899414,0.02489141940299549,0.003200817108154297,0.0003990891835930223,0.2,9,100,,"{'learning_rate': 0.2, 'max_depth': 9, 'n_estimators': 100}",0.59375,0.6484375,0.625,0.66015625,0.6431372549019608,0.6340962009803921,0.02313912908608604,11,0.703125,Catboost,0,
14,4.885399866104126,0.1294290139807322,0.0034003257751464844,0.0008001337034335743,0.2,9,150,,"{'learning_rate': 0.2, 'max_depth': 9, 'n_estimators': 150}",0.59765625,0.64453125,0.63671875,0.671875,0.6470588235294118,0.6395680147058823,0.024038309218142647,6,0.703125,Catboost,0,
15,0.6158002853393555,0.06899903548647471,0.0028000831604003905,0.00040047479226789756,0.4,1,50,,"{'learning_rate': 0.4, 'max_depth': 1, 'n_estimators': 50}",0.58984375,0.55859375,0.5625,0.59765625,0.6078431372549019,0.5832873774509804,0.019464460726445698,44,0.703125,Catboost,0,
16,0.8232002258300781,0.018082306450370282,0.00260014533996582,0.000488873640217442,0.4,1,100,,"{'learning_rate': 0.4, 'max_depth': 1, 'n_estimators': 100}",0.6171875,0.56640625,0.57421875,0.59375,0.6078431372549019,0.5918811274509804,0.019285330650720557,39,0.703125,Catboost,0,
17,0.966799545288086,0.04780587916662131,0.002599763870239258,0.0004906023492841337,0.4,1,150,,"{'learning_rate': 0.4, 'max_depth': 1, 'n_estimators': 150}",0.61328125,0.578125,0.57421875,0.578125,0.615686274509804,0.5918872549019608,0.018520646565350407,38,0.703125,Catboost,0,
18,0.7534004211425781,0.01792925803278418,0.0021999835968017577,0.000400139076847381,0.4,3,50,,"{'learning_rate': 0.4, 'max_depth': 3, 'n_estimators': 50}",0.57421875,0.578125,0.5625,0.60546875,0.6274509803921569,0.5895526960784314,0.02361004545301624,41,0.703125,Catboost,0,
19,0.9579994678497314,0.020707620668970205,0.0028000354766845705,0.00039937585497875776,0.4,3,100,,"{'learning_rate': 0.4, 'max_depth': 3, 'n_estimators': 100}",0.56640625,0.59765625,0.5703125,0.62109375,0.615686274509804,0.5942310049019608,0.022538765867848323,36,0.703125,Catboost,0,
20,1.315999937057495,0.0317236055881878,0.002599811553955078,0.0008007171693763664,0.4,3,150,,"{'learning_rate': 0.4, 'max_depth': 3, 'n_estimators': 150}",0.56640625,0.59765625,0.6015625,0.62890625,0.611764705882353,0.6012591911764706,0.020506225351542708,33,0.703125,Catboost,0,
21,1.0485961437225342,0.08963391086154354,0.0017975330352783202,0.0003990564568743502,0.4,5,50,,"{'learning_rate': 0.4, 'max_depth': 5, 'n_estimators': 50}",0.6015625,0.58984375,0.625,0.63671875,0.6392156862745098,0.6184681372549019,0.019551813233182676,26,0.703125,Catboost,0,
22,1.6736000537872315,0.023895720968340663,0.002405691146850586,0.0004849059588409734,0.4,5,100,,"{'learning_rate': 0.4, 'max_depth': 5, 'n_estimators': 100}",0.59765625,0.56640625,0.640625,0.6484375,0.6588235294117647,0.6223897058823529,0.0348836013030203,22,0.703125,Catboost,0,
23,1.8978000640869142,0.07876165288633176,0.002800321578979492,0.00040047371352193515,0.4,5,150,,"{'learning_rate': 0.4, 'max_depth': 5, 'n_estimators': 150}",0.59765625,0.578125,0.65234375,0.65234375,0.6784313725490196,0.631780024509804,0.03759089125810113,15,0.703125,Catboost,0,
24,1.1576054096221924,0.04500247002259197,0.0025945663452148437,0.0004973423355249479,0.4,7,50,,"{'learning_rate': 0.4, 'max_depth': 7, 'n_estimators': 50}",0.625,0.6015625,0.609375,0.65625,0.6705882352941176,0.6325551470588235,0.026694214703113412,14,0.703125,Catboost,0,
25,1.8954002857208252,0.02884122466779821,0.002599287033081055,0.0004909950656090727,0.4,7,100,,"{'learning_rate': 0.4, 'max_depth': 7, 'n_estimators': 100}",0.6171875,0.625,0.63671875,0.65625,0.6666666666666666,0.6403645833333333,0.018604761561970565,4,0.703125,Catboost,0,
26,2.7513990879058836,0.09962088426492978,0.0024007320404052734,0.0008001452775777212,0.4,7,150,,"{'learning_rate': 0.4, 'max_depth': 7, 'n_estimators': 150}",0.6171875,0.609375,0.61328125,0.640625,0.6745098039215687,0.6309957107843138,0.024323336338253423,16,0.703125,Catboost,0,
27,2.0792062282562256,0.13683841867004565,0.002393198013305664,0.0004960995644400901,0.4,9,50,,"{'learning_rate': 0.4, 'max_depth': 9, 'n_estimators': 50}",0.625,0.6328125,0.6484375,0.66796875,0.6941176470588235,0.6536672794117647,0.02499939851136284,1,0.703125,Catboost,0,
28,3.6810113906860353,0.03312578531209633,0.002787923812866211,0.00039441405029404946,0.4,9,100,,"{'learning_rate': 0.4, 'max_depth': 9, 'n_estimators': 100}",0.625,0.60546875,0.65234375,0.6796875,0.6862745098039216,0.6497549019607843,0.03101745554730647,2,0.703125,Catboost,0,
29,4.8349995613098145,0.13120752797253307,0.0032011032104492187,0.0003990656586864208,0.4,9,150,,"{'learning_rate': 0.4, 'max_depth': 9, 'n_estimators': 150}",0.61328125,0.609375,0.66015625,0.6796875,0.6784313725490196,0.6481862745098039,0.03090323362085985,3,0.703125,Catboost,0,
30,0.6687991619110107,0.0419728090223733,0.0023998260498046876,0.0004897653063851527,0.6000000000000001,1,50,,"{'learning_rate': 0.6000000000000001, 'max_depth': 1, 'n_estimators': 50}",0.59765625,0.5625,0.5703125,0.5859375,0.6078431372549019,0.5848498774509804,0.016761434677915653,43,0.703125,Catboost,0,
31,0.7928003787994384,0.012039748468227425,0.0027992725372314453,0.00039994729080425665,0.6000000000000001,1,100,,"{'learning_rate': 0.6000000000000001, 'max_depth': 1, 'n_estimators': 100}",0.59765625,0.58984375,0.5703125,0.59765625,0.6078431372549019,0.5926623774509804,0.01255224822155238,37,0.703125,Catboost,0,
32,0.9622004508972168,0.049105436714376074,0.0030004024505615235,1.0936112347774234e-06,0.6000000000000001,1,150,,"{'learning_rate': 0.6000000000000001, 'max_depth': 1, 'n_estimators': 150}",0.58203125,0.60546875,0.58203125,0.60546875,0.611764705882353,0.5973529411764706,0.012719592042767305,35,0.703125,Catboost,0,
33,0.7858002662658692,0.03300004966508343,0.003399658203125,0.0013566068806742655,0.6000000000000001,3,50,,"{'learning_rate': 0.6000000000000001, 'max_depth': 3, 'n_estimators': 50}",0.58984375,0.59765625,0.5859375,0.6328125,0.6274509803921569,0.6067401960784313,0.019542066161166643,31,0.703125,Catboost,0,
34,0.9776004791259766,0.03066881577522936,0.002399635314941406,0.0004905069371384375,0.6000000000000001,3,100,,"{'learning_rate': 0.6000000000000001, 'max_depth': 3, 'n_estimators': 100}",0.60546875,0.59375,0.6015625,0.65234375,0.6549019607843137,0.6216053921568627,0.026425516999968767,23,0.703125,Catboost,0,
35,1.411800241470337,0.07016454931053004,0.003999137878417968,0.002190600889449921,0.6000000000000001,3,150,,"{'learning_rate': 0.6000000000000001, 'max_depth': 3, 'n_estimators': 150}",0.60546875,0.6015625,0.60546875,0.66796875,0.6274509803921569,0.6215839460784314,0.024924804989587844,24,0.703125,Catboost,0,
36,1.0181998252868651,0.09648071247771388,0.003400087356567383,0.0004895907032330053,0.6000000000000001,5,50,,"{'learning_rate': 0.6000000000000001, 'max_depth': 5, 'n_estimators': 50}",0.578125,0.5859375,0.609375,0.6640625,0.6392156862745098,0.615343137254902,0.03233875324859316,27,0.703125,Catboost,0,
37,1.4787999153137208,0.024062176602590322,0.0029999732971191405,0.0006322589461375354,0.6000000000000001,5,100,,"{'learning_rate': 0.6000000000000001, 'max_depth': 5, 'n_estimators': 100}",0.5703125,0.6171875,0.6328125,0.671875,0.6470588235294118,0.6278492647058823,0.03392951146842759,19,0.703125,Catboost,0,
38,1.8373988628387452,0.027201025343934274,0.003200054168701172,0.00039958982308316174,0.6000000000000001,5,150,,"{'learning_rate': 0.6000000000000001, 'max_depth': 5, 'n_estimators': 150}",0.5859375,0.61328125,0.62890625,0.671875,0.6666666666666666,0.6333333333333333,0.03244879446378212,13,0.703125,Catboost,0,
39,1.0949995040893554,0.031336799134307536,0.0026003837585449217,0.0004894542713602699,0.6000000000000001,7,50,,"{'learning_rate': 0.6000000000000001, 'max_depth': 7, 'n_estimators': 50}",0.59765625,0.5859375,0.58984375,0.69921875,0.6509803921568628,0.6247273284313726,0.044028521128105555,21,0.703125,Catboost,0,
40,2.016999340057373,0.010412032366534764,0.0026009082794189453,0.000489882756905429,0.6000000000000001,7,100,,"{'learning_rate': 0.6000000000000001, 'max_depth': 7, 'n_estimators': 100}",0.59765625,0.58984375,0.625,0.69140625,0.6745098039215687,0.6356832107843138,0.040679228946058674,8,0.703125,Catboost,0,
41,2.72619891166687,0.03838474114145933,0.003000640869140625,1.0070186654063642e-06,0.6000000000000001,7,150,,"{'learning_rate': 0.6000000000000001, 'max_depth': 7, 'n_estimators': 150}",0.609375,0.59375,0.6328125,0.69140625,0.6705882352941176,0.6395863970588235,0.03662239921620661,5,0.703125,Catboost,0,
42,1.7238001346588134,0.060608410052956925,0.0027994155883789063,0.00039954209671987464,0.6000000000000001,9,50,,"{'learning_rate': 0.6000000000000001, 'max_depth': 9, 'n_estimators': 50}",0.5859375,0.58984375,0.64453125,0.68359375,0.6745098039215687,0.6356832107843138,0.04112688611353719,8,0.703125,Catboost,0,
43,3.357999086380005,0.018836182851014186,0.003201007843017578,0.0007486481118605626,0.6000000000000001,9,100,,"{'learning_rate': 0.6000000000000001, 'max_depth': 9, 'n_estimators': 100}",0.5859375,0.58984375,0.65234375,0.66796875,0.6705882352941176,0.6333363970588235,0.03764742907173748,12,0.703125,Catboost,0,
44,4.716599655151367,0.35371033389037393,0.0038000106811523437,0.0007482906421235336,0.6000000000000001,9,150,,"{'learning_rate': 0.6000000000000001, 'max_depth': 9, 'n_estimators': 150}",0.58203125,0.578125,0.65625,0.66796875,0.6705882352941176,0.6309926470588235,0.04186928034131635,17,0.703125,Catboost,0,
